Natural	JJ	0.6923076923076923
language	NN	1.0
processing	NN	0.9259259259259259
-LRB-	-LRB-	1.0
NLP	NN	0.6382978723404256
-RRB-	-RRB-	1.0
is	VBZ	1.0
a	DT	1.0
field	NN	1.0
of	IN	1.0
computer	NN	1.0
science	NN	1.0
,	,	1.0
artificial	JJ	1.0
intelligence	NN	1.0
also	RB	1.0
called	VBN	0.8333333333333334
machine	NN	1.0
learning	NN	0.7674418604651163
and	CC	1.0
linguistics	NNS	0.95
concerned	VBN	1.0
with	IN	1.0
the	DT	1.0
interactions	NNS	1.0
between	IN	1.0
computers	NNS	1.0
human	JJ	0.9565217391304348
natural	JJ	1.0
languages	NNS	1.0
.	.	1.0
Specifically	RB	1.0
it	PRP	1.0
process	NN	0.9166666666666666
extracting	VBG	1.0
meaningful	JJ	1.0
information	NN	1.0
from	IN	1.0
input	NN	1.0
and\/or	CC	1.0
producing	VBG	1.0
output	NN	1.0
In	IN	1.0
theory	NN	1.0
very	RB	1.0
attractive	JJ	1.0
method	NN	1.0
--	:	1.0
interaction	NN	1.0
understanding	NN	0.8787878787878788
sometimes	RB	1.0
referred	VBN	1.0
to	TO	1.0
as	IN	0.9094076655052264
an	DT	1.0
AI-complete	JJ	1.0
problem	NN	1.0
because	IN	1.0
seems	VBZ	1.0
require	VB	0.5454545454545454
extensive	JJ	1.0
knowledge	NN	1.0
about	IN	0.975
outside	JJ	0.5
world	NN	1.0
ability	NN	1.0
manipulate	VB	1.0
Whether	NNP	0.5
NLP	NNP	0.3617021276595745
distinct	JJ	1.0
or	CC	1.0
identical	JJ	1.0
computational	JJ	1.0
matter	NN	1.0
perspective	NN	1.0
The	DT	0.9947916666666666
Association	NNP	1.0
for	IN	1.0
Computational	NNP	0.6666666666666666
Linguistics	NNPS	0.3333333333333333
defines	VBZ	1.0
latter	JJ	1.0
focusing	VBG	1.0
on	IN	0.9716981132075472
theoretical	JJ	1.0
aspects	NNS	1.0
On	IN	1.0
other	JJ	1.0
hand	NN	1.0
open-access	JJ	1.0
journal	NN	1.0
``	``	1.0
Computational	JJ	0.3333333333333333
Linguistics	NNS	0.3333333333333333
''	''	1.0
styles	NNS	1.0
itself	PRP	1.0
longest	JJS	1.0
running	VBG	1.0
publication	NN	1.0
devoted	VBD	0.2
exclusively	RB	1.0
design	NN	0.75
analysis	NN	1.0
systems	NNS	1.0
Linguistics	NNP	0.3333333333333333
Journal	NNP	1.0
Modern	NNP	1.0
algorithms	NNS	1.0
are	VBP	1.0
grounded	VBN	1.0
in	IN	0.99812734082397
especially	RB	1.0
statistical	JJ	1.0
Research	NN	0.25
into	IN	1.0
modern	JJ	1.0
requires	VBZ	1.0
number	NN	1.0
disparate	JJ	1.0
fields	NNS	1.0
including	VBG	1.0
statistics	NNS	1.0
For	IN	1.0
discussion	NN	1.0
types	NNS	1.0
currently	RB	1.0
used	VBN	0.9203539823008849
see	VBP	0.2
article	NN	1.0
pattern	NN	1.0
recognition	NN	1.0
An	DT	1.0
automated	JJ	0.8571428571428571
online	NN	0.375
assistant	NN	1.0
providing	VBG	1.0
customer	NN	1.0
service	NN	1.0
web	NN	1.0
page	NN	1.0
example	NN	1.0
application	NN	1.0
where	WRB	1.0
major	JJ	1.0
component	NN	1.0
1950	CD	1.0
Alan	NNP	1.0
Turing	NNP	1.0
published	VBD	0.2857142857142857
his	PRP$	1.0
famous	JJ	1.0
Computing	NNP	1.0
Machinery	NNP	1.0
Intelligence	NNP	1.0
which	WDT	1.0
proposed	VBD	0.3333333333333333
what	WP	0.78125
now	RB	1.0
test	NN	0.8
criterion	NN	1.0
This	DT	0.9841269841269841
depends	VBZ	1.0
program	NN	0.9545454545454546
impersonate	VB	1.0
human	NN	0.043478260869565216
real-time	JJ	1.0
written	JJ	0.15384615384615385
conversation	NN	1.0
judge	NN	0.5
sufficiently	RB	1.0
well	RB	1.0
that	IN	0.41134751773049644
unable	JJ	1.0
distinguish	VB	1.0
reliably	RB	1.0
basis	NN	1.0
conversational	JJ	1.0
content	NN	0.8333333333333334
alone	RB	1.0
real	JJ	1.0
Georgetown	NNP	1.0
experiment	NN	1.0
1954	CD	1.0
involved	VBD	0.3333333333333333
fully	RB	1.0
automatic	JJ	1.0
translation	NN	1.0
more	JJR	0.25263157894736843
than	IN	1.0
sixty	CD	1.0
Russian	JJ	1.0
sentences	NNS	1.0
English	NNP	0.8108108108108109
authors	NNS	1.0
claimed	VBD	1.0
within	IN	1.0
three	CD	1.0
five	CD	1.0
years	NNS	1.0
would	MD	1.0
be	VB	1.0
solved	VBN	1.0
However	RB	1.0
progress	NN	0.8571428571428571
was	VBD	1.0
much	RB	0.7272727272727273
slower	JJR	1.0
after	IN	1.0
ALPAC	NNP	1.0
report	NN	1.0
1966	CD	1.0
found	VBD	0.42857142857142855
ten	CD	1.0
long	JJ	1.0
research	NN	1.0
had	VBD	1.0
failed	VBN	1.0
fulfill	VB	1.0
expectations	NNS	1.0
funding	VBG	0.25
dramatically	RB	1.0
reduced	VBN	1.0
Little	JJ	1.0
further	JJ	0.75
conducted	VBN	0.8
until	IN	1.0
late	JJ	1.0
1980s	NNS	0.6666666666666666
when	WRB	1.0
first	JJ	0.8484848484848485
were	VBD	1.0
developed	VBN	0.38461538461538464
Some	DT	1.0
notably	RB	1.0
successful	JJ	1.0
developed	VBD	0.6153846153846154
1960s	NNS	1.0
SHRDLU	NNP	0.8333333333333334
system	NN	1.0
working	VBG	1.0
restricted	JJ	1.0
blocks	NNS	0.75
worlds	NNS	1.0
vocabularies	NNS	1.0
ELIZA	NNP	1.0
simulation	NN	1.0
Rogerian	JJ	1.0
psychotherapist	NN	1.0
written	VBN	0.8461538461538461
by	IN	1.0
Joseph	NNP	1.0
Weizenbaum	NNP	1.0
1964	CD	1.0
Using	VBG	1.0
almost	RB	1.0
no	DT	1.0
thought	NN	0.3333333333333333
emotion	NN	1.0
provided	VBD	0.4
startlingly	RB	1.0
human-like	JJ	1.0
When	WRB	1.0
patient	NN	1.0
exceeded	VBD	1.0
small	JJ	1.0
base	NN	1.0
might	MD	0.9615384615384616
provide	VB	0.8333333333333334
generic	JJ	1.0
response	NN	1.0
responding	VBG	1.0
My	PRP$	1.0
head	NN	1.0
hurts	VBZ	1.0
Why	WRB	1.0
do	VBP	0.7307692307692307
you	PRP	1.0
say	VB	0.7142857142857143
your	PRP$	1.0
?	.	1.0
During	IN	1.0
70	CD	1.0
's	POS	0.9215686274509803
many	JJ	1.0
programmers	NNS	1.0
began	VBD	1.0
write	VB	1.0
`	``	1.0
conceptual	JJ	1.0
ontologies	NNS	1.0
'	POS	0.3157894736842105
structured	VBD	0.16666666666666666
real-world	JJ	1.0
computer-understandable	JJ	1.0
data	NNS	0.9090909090909091
Examples	NNS	1.0
MARGIE	NNP	1.0
Schank	NNP	1.0
1975	CD	1.0
SAM	NNP	1.0
Cullingford	NNP	1.0
1978	CD	1.0
PAM	NNS	1.0
Wilensky	NNP	1.0
TaleSpin	NNP	1.0
Meehan	NNP	1.0
1976	CD	1.0
QUALM	NN	1.0
Lehnert	NNP	1.0
1977	CD	1.0
Politics	NNS	1.0
Carbonell	NNP	1.0
1979	CD	1.0
Plot	NN	1.0
Units	NNS	1.0
1981	CD	1.0
this	DT	1.0
time	NN	1.0
chatterbots	NNS	1.0
PARRY	NN	1.0
Racter	NN	1.0
Jabberwacky	NNP	1.0
Up	IN	1.0
1980s	CD	0.3333333333333333
most	JJS	0.39655172413793105
based	VBN	1.0
complex	JJ	1.0
sets	NNS	1.0
hand-written	JJ	1.0
rules	NNS	1.0
Starting	VBG	1.0
however	RB	1.0
there	EX	0.95
revolution	NN	1.0
introduction	NN	1.0
due	JJ	1.0
both	DT	0.6451612903225806
steady	JJ	1.0
increase	NN	0.75
power	NN	1.0
resulting	VBG	1.0
Moore	NNP	1.0
Law	NN	1.0
gradual	JJ	1.0
lessening	VBG	1.0
dominance	NN	1.0
Chomskyan	JJ	1.0
theories	NNS	1.0
e.g.	FW	0.9464285714285714
transformational	JJ	1.0
grammar	NN	1.0
whose	WP$	1.0
underpinnings	NNS	1.0
discouraged	VBD	1.0
sort	NN	0.6666666666666666
corpus	NN	1.0
that	WDT	0.5
underlies	VBZ	1.0
machine-learning	JJ	1.0
approach	NN	0.9714285714285714
earliest-used	JJ	1.0
such	JJ	0.9512195121951219
decision	NN	1.0
trees	NNS	1.0
produced	VBD	0.3333333333333333
hard	JJ	1.0
if-then	JJ	1.0
similar	JJ	1.0
existing	VBG	1.0
Increasingly	RB	1.0
has	VBZ	1.0
focused	VBN	0.8181818181818182
models	NNS	1.0
make	VBP	0.5
soft	JJ	1.0
probabilistic	JJ	1.0
decisions	NNS	1.0
attaching	VBG	1.0
real-valued	JJ	1.0
weights	NNS	1.0
features	NNS	1.0
making	VBG	1.0
up	RP	0.7727272727272727
cache	NN	1.0
upon	IN	1.0
speech	NN	1.0
rely	VBP	0.5714285714285714
examples	NNS	1.0
Such	JJ	1.0
generally	RB	1.0
more	RBR	0.7473684210526316
robust	JJ	1.0
given	VBN	0.9583333333333334
unfamiliar	JJ	1.0
contains	VBZ	1.0
errors	NNS	1.0
common	JJ	1.0
produce	VBP	0.22727272727272727
reliable	JJ	1.0
results	NNS	1.0
integrated	VBN	0.6666666666666666
larger	JJR	1.0
comprising	VBG	1.0
multiple	JJ	1.0
subtasks	NNS	1.0
Many	JJ	1.0
notable	JJ	1.0
early	JJ	0.9
successes	NNS	1.0
occurred	VBD	1.0
work	VB	0.041666666666666664
at	IN	1.0
IBM	NNP	1.0
Research	NNP	0.75
successively	RB	1.0
complicated	JJ	0.6666666666666666
These	DT	1.0
able	JJ	1.0
take	VB	0.6
advantage	NN	1.0
multilingual	JJ	1.0
textual	JJ	1.0
corpora	NN	0.7272727272727273
been	VBN	1.0
produced	VBN	0.6666666666666666
Parliament	NNP	1.0
Canada	NNP	1.0
European	NNP	0.6666666666666666
Union	NNP	1.0
result	NN	0.9090909090909091
laws	NNS	1.0
calling	VBG	1.0
all	DT	0.8372093023255814
governmental	JJ	1.0
proceedings	NNS	1.0
official	JJ	1.0
corresponding	JJ	0.6666666666666666
government	NN	1.0
most	RBS	0.603448275862069
depended	VBD	1.0
specifically	RB	1.0
tasks	NNS	1.0
implemented	VBN	1.0
these	DT	1.0
often	RB	1.0
continues	VBZ	1.0
limitation	NN	1.0
success	NN	1.0
As	IN	1.0
great	JJ	1.0
deal	NN	0.5
gone	VBN	1.0
methods	NNS	1.0
effectively	RB	1.0
learning	VBG	0.23255813953488372
limited	JJ	0.7
amounts	NNS	1.0
Recent	JJ	1.0
increasingly	RB	1.0
unsupervised	JJ	1.0
semi-supervised	JJ	1.0
learn	VB	0.7692307692307693
not	RB	1.0
hand-annotated	JJ	1.0
desired	VBN	1.0
answers	NNS	0.9166666666666666
using	VBG	1.0
combination	NN	1.0
annotated	JJ	1.0
non-annotated	JJ	1.0
Generally	RB	1.0
task	NN	1.0
difficult	JJ	1.0
supervised	JJ	0.875
typically	RB	1.0
produces	VBZ	1.0
less	RBR	0.5
accurate	JJ	1.0
amount	NN	1.0
enormous	JJ	1.0
available	JJ	1.0
among	IN	1.0
things	NNS	1.0
entire	JJ	1.0
World	NNP	1.0
Wide	NN	1.0
Web	NN	1.0
can	MD	0.9834254143646409
make	VB	0.5
inferior	JJ	1.0
described	VBN	1.0
above	JJ	0.3076923076923077
approaches	NNS	0.9285714285714286
paradigm	NN	1.0
different	JJ	1.0
that	DT	0.08865248226950355
prior	JJ	1.0
attempts	NNS	0.5
Prior	JJ	1.0
implementations	NNS	1.0
language-processing	JJ	1.0
direct	JJ	0.8333333333333334
coding	NN	1.0
large	JJ	1.0
calls	NNS	1.0
instead	RB	1.0
general	JJ	1.0
although	IN	1.0
always	RB	1.0
inference	NN	1.0
automatically	RB	1.0
through	IN	1.0
typical	JJ	1.0
A	DT	0.94
plural	NN	1.0
set	NN	0.8974358974358975
documents	NNS	1.0
individual	JJ	1.0
have	VBP	0.7980769230769231
correct	JJ	0.9333333333333333
values	NNS	1.0
learned	VBN	1.0
Consider	VB	1.0
part	NN	1.0
tagging	NN	0.88
i.e.	FW	1.0
determining	VBG	1.0
each	DT	1.0
word	NN	1.0
sentence	NN	1.0
one	CD	0.9384615384615385
never	RB	1.0
seen	VBN	1.0
before	RB	0.3333333333333333
machine-learning-based	JJ	1.0
implementation	NN	1.0
tagger	NN	1.0
proceeds	VBZ	1.0
two	CD	1.0
steps	NNS	1.0
training	NN	0.9642857142857143
step	NN	0.9333333333333333
evaluation	NN	1.0
makes	VBZ	1.0
use	NN	0.4722222222222222
consists	VBZ	1.0
attached	VBN	1.0
such	PDT	0.04878048780487805
Penn	NNP	1.0
Treebank	NNP	1.0
includes	VBZ	1.0
500	CD	1.0
texts	NNS	1.0
Brown	NNP	1.0
Corpus	NNP	1.0
containing	VBG	1.0
various	JJ	1.0
genres	NNS	1.0
text	NN	1.0
2500	CD	1.0
articles	NNS	1.0
Wall	NNP	1.0
Street	NNP	1.0
analyzed	VBN	1.0
model	NN	0.9
generated	VBN	0.9333333333333333
consisting	VBG	1.0
created	VBN	1.0
nature	NN	1.0
question	NN	1.0
surrounding	VBG	0.6
words	NNS	1.0
likely	JJ	0.6875
those	DT	1.0
best	JJS	0.9444444444444444
found	VBN	0.5714285714285714
simultaneously	RB	1.0
meets	VBZ	1.0
conflicting	JJ	1.0
objectives	NNS	1.0
:	:	1.0
To	TO	1.0
perform	VB	0.6363636363636364
as	RB	0.09059233449477352
possible	JJ	1.0
simple	JJ	1.0
so	IN	0.5666666666666667
avoids	VBZ	1.0
overfitting	VBG	0.5
generalizes	VBZ	1.0
new	JJ	1.0
rather	RB	1.0
only	RB	0.8947368421052632
succeeding	VBG	1.0
already	RB	1.0
second	JJ	0.9
process	VB	0.08333333333333333
important	JJ	1.0
development	NN	1.0
any	DT	1.0
algorithm	NN	1.0
testing	VBG	0.2
previously	RB	1.0
unseen	JJ	1.0
It	PRP	1.0
critical	JJ	1.0
testing	NN	0.8
same	JJ	1.0
;	:	1.0
otherwise	RB	1.0
accuracy	NN	1.0
will	MD	1.0
unrealistically	RB	1.0
high	JJ	1.0
classes	NNS	1.0
applied	VBN	0.8666666666666667
they	PRP	1.0
take	VBP	0.4
part-of-speech	JJ	0.9333333333333333
identity	NN	1.0
being	VBG	1.0
processed	VBN	0.8333333333333334
immediately	RB	1.0
left	NN	0.5
right	NN	0.5
tag	NN	0.875
whether	IN	1.0
considered	VBN	1.0
its	PRP$	1.0
immediate	JJ	1.0
neighbors	NNS	1.0
content	JJ	0.16666666666666666
function	NN	0.875
differ	VBP	1.0
then	RB	1.0
feature	NN	1.0
express	VB	1.0
relative	JJ	1.0
certainty	NN	1.0
included	VBN	0.625
addition	NN	1.0
Systems	NNP	0.9166666666666666
advantages	NNS	1.0
over	IN	1.0
hand-produced	JJ	1.0
procedures	NNS	1.0
during	IN	1.0
focus	VB	0.42857142857142855
cases	NNS	1.0
whereas	IN	1.0
writing	VBG	0.6666666666666666
obvious	JJ	1.0
effort	NN	1.0
should	MD	1.0
directed	VBN	1.0
Automatic	NNP	1.0
produce	VB	0.7727272727272727
structures	NNS	1.0
before	IN	0.6666666666666666
erroneous	JJ	1.0
misspelled	VBN	1.0
accidentally	RB	1.0
omitted	VBN	1.0
handling	VBG	1.0
gracefully	RB	1.0
creating	VBG	1.0
extremely	RB	1.0
error-prone	JJ	1.0
time-consuming	JJ	1.0
made	VBN	0.875
simply	RB	0.9166666666666666
supplying	VBG	1.0
increasing	VBG	1.0
complexity	NN	1.0
particular	JJ	1.0
limit	NN	0.5
hand-crafted	JJ	1.0
beyond	IN	1.0
become	VBP	0.25
unmanageable	JJ	1.0
man-hours	NN	1.0
worked	VBD	0.8
without	IN	1.0
significant	JJ	1.0
increases	NNS	1.0
annotation	NN	1.0
Major	JJ	1.0
following	NN	0.3333333333333333
list	NN	1.0
some	DT	1.0
commonly	RB	1.0
researched	VBN	1.0
Note	VB	0.8888888888888888
applications	NNS	1.0
while	IN	1.0
others	NNS	1.0
serve	VB	0.8
aid	VB	0.75
solving	VBG	1.0
What	WP	0.9090909090909091
distinguishes	VBZ	1.0
potential	JJ	0.42857142857142855
actual	JJ	1.0
volume	NN	1.0
devoted	VBN	0.8
them	PRP	1.0
but	CC	1.0
fact	NN	1.0
well-defined	JJ	1.0
setting	NN	0.4
standard	JJ	0.7142857142857143
metric	NN	0.6666666666666666
evaluating	VBG	1.0
evaluated	VBN	1.0
competitions	NNS	1.0
specific	JJ	1.0
summarization	NN	1.0
Produce	VB	1.0
readable	JJ	1.0
summary	NN	1.0
chunk	NN	1.0
Often	RB	1.0
summaries	NNS	1.0
known	JJ	0.4230769230769231
type	NN	1.0
financial	JJ	1.0
section	NN	1.0
newspaper	NN	1.0
Coreference	NN	1.0
resolution	NN	1.0
Given	VBN	0.7857142857142857
determine	VB	0.8260869565217391
mentions	VBZ	1.0
refer	VBP	0.5
objects	NNS	1.0
entities	NNS	1.0
Anaphora	NN	1.0
matching	VBG	0.4
pronouns	NNS	1.0
nouns	NNS	1.0
names	NNS	1.0
He	PRP	1.0
entered	VBD	1.0
John	NNP	1.0
house	NN	1.0
front	JJ	1.0
door	NN	1.0
referring	VBG	1.0
expression	NN	1.0
bridging	VBG	1.0
relationship	NN	1.0
identified	VBN	0.8
structure	NN	1.0
Discourse	NN	1.0
rubric	NN	1.0
related	JJ	0.7333333333333333
One	CD	1.0
identifying	VBG	1.0
discourse	NN	1.0
connected	JJ	0.2
relationships	NNS	1.0
elaboration	NN	1.0
explanation	NN	1.0
contrast	NN	1.0
Another	DT	1.0
recognizing	VBG	1.0
classifying	VBG	1.0
acts	VBZ	0.3333333333333333
yes-no	FW	1.0
statement	NN	1.0
assertion	NN	1.0
etc.	NN	0.8636363636363636
Machine	NN	0.6666666666666666
Automatically	RB	1.0
translate	VB	1.0
another	DT	1.0
problems	NNS	1.0
member	NN	1.0
class	NN	1.0
colloquially	RB	1.0
termed	VBN	1.0
requiring	VBG	1.0
humans	NNS	1.0
possess	VBP	1.0
semantics	NNS	1.0
facts	NNS	1.0
order	NN	1.0
solve	VB	1.0
properly	RB	1.0
Morphological	JJ	1.0
segmentation	NN	1.0
Separate	JJ	1.0
morphemes	NNS	1.0
identify	VBP	0.4166666666666667
difficulty	NN	1.0
greatly	RB	1.0
morphology	NN	1.0
fairly	RB	1.0
inflectional	JJ	1.0
thus	RB	1.0
ignore	VB	1.0
entirely	RB	1.0
model	VB	0.1
forms	NNS	1.0
open	JJ	1.0
opens	VBZ	1.0
opened	VBD	1.0
opening	VBG	1.0
separate	JJ	0.7
Turkish	JJ	1.0
dictionary	NN	1.0
entry	NN	1.0
thousands	NNS	1.0
Named	VBN	1.0
entity	NN	1.0
NER	NN	1.0
stream	NN	1.0
items	NNS	1.0
map	NN	0.5
proper	JJ	1.0
people	NNS	1.0
places	NNS	1.0
name	NN	1.0
person	NN	1.0
location	NN	1.0
organization	NN	1.0
capitalization	NN	1.0
named	VBN	1.0
case	NN	1.0
inaccurate	JJ	1.0
insufficient	JJ	1.0
capitalized	VBN	1.0
span	VBP	1.0
several	JJ	1.0
Furthermore	RB	1.0
non-Western	JJ	1.0
scripts	NNS	1.0
Chinese	JJ	0.2857142857142857
Arabic	JJ	0.75
have	VB	0.20192307692307693
even	RB	1.0
may	MD	1.0
consistently	RB	1.0
use	VB	0.3333333333333333
German	NNP	0.5
capitalizes	VBZ	1.0
regardless	RB	1.0
French	NNP	0.75
Spanish	NNP	1.0
capitalize	VB	1.0
serve	VBP	0.2
adjectives	NNS	1.0
generation	NN	1.0
Convert	VB	1.0
databases	NNS	1.0
chunks	NNS	1.0
formal	JJ	1.0
representations	NNS	1.0
first-order	JJ	1.0
logic	NN	1.0
easier	JJR	1.0
programs	NNS	1.0
involves	VBZ	1.0
identification	NN	1.0
intended	VBN	0.6
semantic	JJ	1.0
derived	VBN	1.0
usually	RB	1.0
takes	VBZ	1.0
form	NN	0.65
organized	JJ	1.0
notations	NNS	1.0
concepts	NNS	1.0
Introduction	NN	1.0
creation	NN	1.0
metamodel	NN	1.0
ontology	NN	1.0
efficient	JJ	1.0
empirical	JJ	1.0
solutions	NNS	1.0
explicit	JJ	1.0
formalization	NN	1.0
confusions	NNS	1.0
implicit	JJ	1.0
assumptions	NNS	1.0
closed	JJ	1.0
assumption	NN	1.0
CWA	NNP	1.0
vs.	FW	0.5
subjective	JJ	1.0
Yes\/No	FW	1.0
objective	NN	0.2
True\/False	NN	1.0
expected	VBN	1.0
construction	NN	1.0
Optical	NNP	1.0
character	NN	1.0
OCR	NN	0.5510204081632653
image	NN	1.0
representing	VBG	1.0
printed	VBN	0.9166666666666666
determine	VBD	0.17391304347826086
Part-of-speech	JJ	1.0
ones	NNS	1.0
parts	NNS	1.0
book	NN	0.875
noun	NN	1.0
table	NN	1.0
verb	NN	1.0
book	VB	0.125
flight	NN	1.0
adjective	NN	0.7142857142857143
out	RP	0.9285714285714286
least	JJS	1.0
ambiguity	NN	1.0
Languages	NNS	1.0
little	JJ	0.6666666666666666
particularly	RB	1.0
prone	JJ	1.0
Chinese	NNP	0.7142857142857143
tonal	JJ	1.0
verbalization	NN	1.0
inflection	NN	1.0
readily	RB	1.0
conveyed	VBN	1.0
via	IN	1.0
employed	VBN	1.0
orthography	NN	1.0
convey	VB	1.0
intended	JJ	0.4
meaning	NN	1.0
Parsing	VBG	0.6
Determine	VB	1.0
parse	NN	0.3333333333333333
tree	NN	1.0
grammatical	JJ	1.0
ambiguous	JJ	1.0
analyses	NNS	1.0
perhaps	RB	1.0
surprisingly	RB	1.0
parses	NNS	0.5
seem	VB	0.5
completely	RB	1.0
nonsensical	JJ	1.0
Question	NN	0.8571428571428571
answering	NN	0.5
Given	IN	0.21428571428571427
human-language	JJ	1.0
answer	NN	0.8333333333333334
Typical	JJ	1.0
questions	NNS	1.0
right	JJ	0.5
capital	NN	1.0
open-ended	JJ	1.0
life	NN	1.0
Relationship	NN	1.0
extraction	NN	1.0
who	WP	1.0
wife	NN	1.0
whom	WP	1.0
Sentence	NN	1.0
breaking	NN	1.0
known	VBN	0.5769230769230769
boundary	NN	1.0
disambiguation	NN	1.0
find	VBP	0.15384615384615385
boundaries	NNS	1.0
marked	VBN	0.3333333333333333
periods	NNS	1.0
punctuation	NN	1.0
marks	NNS	1.0
characters	NNS	1.0
purposes	NNS	1.0
marking	VBG	1.0
abbreviations	NNS	1.0
Sentiment	NN	1.0
Extract	NN	1.0
online	JJ	0.625
reviews	NNS	1.0
polarity	NN	1.0
useful	JJ	1.0
trends	NNS	1.0
public	JJ	1.0
opinion	NN	1.0
social	JJ	1.0
media	NNS	1.0
purpose	NN	1.0
marketing	NN	1.0
Speech	NN	0.7419354838709677
sound	JJ	0.3
clip	NN	1.0
speaking	VBG	0.625
representation	NN	1.0
opposite	NN	1.0
see	VB	0.8
above	RB	0.15384615384615385
hardly	RB	1.0
pauses	VBZ	1.0
successive	JJ	1.0
necessary	JJ	1.0
subtask	NN	1.0
below	IN	1.0
spoken	VBN	1.0
sounds	NNS	0.9333333333333333
letters	NNS	1.0
blend	VBP	0.3333333333333333
coarticulation	NN	1.0
conversion	NN	1.0
analog	NN	1.0
signal	NN	1.0
discrete	JJ	1.0
separate	VB	0.3
grouped	VBN	1.0
Topic	NN	1.0
segments	NNS	1.0
topic	NN	1.0
segment	NN	1.0
Word	NN	1.0
continuous	JJ	1.0
like	IN	0.9285714285714286
trivial	JJ	1.0
since	IN	1.0
separated	VBN	1.0
spaces	NNS	1.0
Japanese	NNP	0.625
Thai	NNP	1.0
mark	VB	0.3333333333333333
fashion	NN	1.0
vocabulary	NN	1.0
sense	NN	1.0
we	PRP	1.0
select	VB	1.0
context	NN	1.0
associated	VBN	1.0
senses	NNS	1.0
resource	NN	1.0
WordNet	NNP	1.0
subfields	NNS	1.0
separately	RB	1.0
whole	NN	0.2222222222222222
include	VBP	0.7037037037037037
Information	NN	0.4
retrieval	NN	1.0
IR	NN	0.3333333333333333
storing	VBG	1.0
searching	VBG	1.0
retrieving	VBG	1.0
closer	JJR	1.0
IR	NNP	0.6666666666666666
relies	VBZ	1.0
stemming	VBG	1.0
current	JJ	1.0
seek	VBP	1.0
bridge	VB	1.0
gap	NN	1.0
IE	NN	1.0
covers	VBZ	1.0
coreference	NN	1.0
text-to-speech	JJ	0.75
Other	JJ	1.0
Stemming	VBG	1.0
Text	NN	0.6666666666666666
simplification	NN	1.0
Text-to-speech	JJ	1.0
Text-proofing	JJ	1.0
Natural	NNP	0.3076923076923077
search	NN	0.8181818181818182
Query	NNP	1.0
expansion	NN	1.0
Automated	NNP	1.0
essay	NN	1.0
scoring	VBG	1.0
Truecasing	NNP	1.0
Statistical	NNP	0.1111111111111111
Main	NNP	1.0
Statistical	JJ	0.8888888888888888
natural-language	JJ	1.0
uses	VBZ	1.0
stochastic	JJ	1.0
resolve	VB	0.75
difficulties	NNS	1.0
discussed	VBN	1.0
above	IN	0.5384615384615384
arise	VBP	1.0
longer	JJR	1.0
highly	RB	1.0
realistic	JJ	1.0
grammars	NNS	1.0
yielding	VBG	1.0
millions	NNS	1.0
Methods	NNS	1.0
involve	VBP	0.8333333333333334
Markov	NNP	1.0
comprises	VBZ	1.0
quantitative	JJ	1.0
modeling	NN	1.0
linear	JJ	0.8571428571428571
algebra	NN	1.0
technology	NN	1.0
comes	VBZ	1.0
mainly	RB	1.0
data	NN	0.09090909090909091
mining	NN	1.0
Evaluation	NN	1.0
Objectives	NNS	1.0
goal	NN	1.0
measure	VB	0.36363636363636365
qualities	NNS	1.0
what	WDT	0.21875
extent	NN	1.0
answers	VBZ	0.08333333333333333
goals	NNS	1.0
designers	NNS	1.0
needs	NNS	0.2
users	NNS	1.0
received	VBN	0.5
considerable	JJ	1.0
attention	NN	1.0
definition	NN	1.0
criteria	NNS	1.0
way	NN	1.0
specify	VB	1.0
precisely	RB	1.0
going	VBG	1.0
vagueness	NN	1.0
defined	VBN	1.0
precise	JJ	1.0
metrics	NNS	1.0
enables	VBZ	1.0
teams	NNS	1.0
compare	VB	1.0
their	PRP$	1.0
Short	JJ	1.0
history	NN	1.0
campaign	NN	1.0
dedicated	VBN	0.6666666666666666
message	NN	1.0
1987	CD	1.0
Pallet	NN	0.5
1998	CD	1.0
Then	RB	1.0
Parseval\/GEIG	NN	1.0
project	NN	1.0
compared	VBD	0.5714285714285714
phrase-structure	JJ	1.0
Black	NNP	1.0
1991	CD	1.0
series	NN	1.0
campaigns	NNS	1.0
Tipster	NN	1.0
realized	VBN	1.0
Hirschman	NNP	1.0
1994	CD	1.0
Germany	NNP	1.0
Morpholympics	NNPS	1.0
German	JJ	0.5
taggers	NNS	1.0
Senseval	NNP	1.0
Romanseval	NNP	1.0
1996	CD	1.0
Sparkle	NNP	1.0
syntactic	JJ	1.0
parsers	NNS	1.0
four	CD	1.0
Italian	NNP	1.0
France	NNP	1.0
Grace	NNP	1.0
21	CD	1.0
1997	CD	1.0
Adda	NNP	1.0
1999	CD	1.0
2004	CD	1.0
Technolangue\/Easy	NN	0.5
13	CD	1.0
French	NNS	0.25
compared	VBN	0.42857142857142855
Large-scale	JJ	1.0
dependency	NN	1.0
performed	VBN	0.9
CoNLL	NN	1.0
shared	VBD	0.5
2006	CD	1.0
2007	CD	1.0
Italy	NNP	1.0
EVALITA	NNP	0.5
2009	CD	1.0
tools	NNS	1.0
2011	CD	1.0
full	JJ	0.8
-	:	1.0
EVALITA	NN	0.5
site	NN	1.0
ANR-Passage	JJ	1.0
end	NN	0.375
10	CD	1.0
passage	NN	1.0
G.	NNP	1.0
Mariani	NNP	1.0
J.	NNP	1.0
Paroubek	NNP	1.0
P.	NNP	1.0
Rajman	NNP	1.0
M.	NNP	1.0
L'action	NN	1.0
GRACE	NN	1.0
d'évaluation	NN	1.0
de	FW	0.5
l'assignation	FW	1.0
des	FW	1.0
parties	NNS	1.0
du	NNP	1.0
discors	NNS	1.0
pour	VBP	1.0
le	FW	1.0
français	FW	1.0
Langues	FW	1.0
vol-2	FW	1.0
E.	NNP	1.0
Abney	NNP	1.0
S.	NNP	1.0
Flickinger	NNP	1.0
D.	NNP	1.0
Gdaniec	NNP	1.0
C.	NNP	1.0
Grishman	NNP	1.0
R.	NNP	1.0
Harrison	NNP	1.0
Hindle	NNP	1.0
Ingria	NNP	1.0
Jelinek	NNP	1.0
F.	NNP	1.0
Klavans	NNP	1.0
Liberman	NNP	1.0
Marcus	NNP	1.0
Reukos	NNP	1.0
Santoni	NNP	1.0
B.	NNP	1.0
Strzalkowski	NNP	1.0
T.	NNP	1.0
A	NNP	0.04
procedure	NN	1.0
quantitatively	RB	1.0
comparing	VBG	1.0
coverage	NN	1.0
English	JJ	0.1891891891891892
DARPA	NNP	1.0
Speech	NNP	0.22580645161290322
Language	NNP	0.5833333333333334
Workshop	NNP	1.0
L.	NNP	1.0
Language	NN	0.4166666666666667
lessons	NNS	1.0
MUC	NN	1.0
ATIS	NN	1.0
LREC	NNP	1.0
Granada	NNP	1.0
Pallet	NNP	0.5
D.S.	NNP	1.0
The	NNP	0.005208333333333333
NIST	NNP	1.0
role	NN	1.0
benchmark	NN	1.0
tests	NNS	0.5
Different	NNP	0.5
Depending	VBG	1.0
distinctions	NNS	1.0
traditionally	RB	1.0
Intrinsic	JJ	1.0
vs.	CC	0.25
extrinsic	JJ	1.0
considers	VBZ	1.0
isolated	VBN	1.0
characterizes	VBZ	1.0
performance	NN	1.0
respect	NN	1.0
gold	JJ	1.0
pre-defined	JJ	1.0
evaluators	NNS	1.0
Extrinsic	JJ	1.0
either	CC	1.0
embedded	JJ	1.0
serving	VBG	1.0
user	NN	1.0
characterized	VBN	1.0
terms	NNS	1.0
utility	NN	1.0
overall	JJ	1.0
consider	VB	0.5
parser	NN	1.0
POS	NN	0.9230769230769231
intrinsic	JJ	1.0
run	VB	0.8
labeled	JJ	0.6666666666666666
standard	NN	0.2857142857142857
parsing	VBG	0.35714285714285715
Black-box	FW	0.5
glass-box	NN	1.0
Black-box	JJ	0.5
parameters	NNS	1.0
related	VBN	0.26666666666666666
quality	NN	1.0
speed	NN	1.0
reliability	NN	1.0
consumption	NN	1.0
importantly	RB	1.0
fidelity	NN	1.0
Glass-box	JJ	1.0
looks	VBZ	1.0
linguistic	JJ	1.0
resources	NNS	1.0
size	NN	1.0
predict	VB	0.8333333333333334
informative	JJ	1.0
error	NN	1.0
future	JJ	0.3333333333333333
developments	NNS	1.0
manual	FW	0.5
evaluate	VB	1.0
Although	IN	1.0
cost	NN	1.0
quite	RB	1.0
repeated	VBN	1.0
needed	VBN	1.0
much	JJ	0.2727272727272727
additional	JJ	1.0
costs	NNS	1.0
prove	VB	1.0
impossible	JJ	1.0
inter-annotator	JJ	1.0
agreement	NN	1.0
Manual	JJ	1.0
judges	NNS	1.0
instructed	VBN	1.0
estimate	VB	0.75
sample	NN	1.0
thanks	NNS	1.0
competence	NN	1.0
reference	NN	1.0
variation	NN	1.0
across	IN	1.0
ratings	NNS	1.0
why	WRB	1.0
objective	JJ	0.8
kind	NN	1.0
appears	VBZ	1.0
Shared	VBN	1.0
Campaigns	NNS	1.0
BioCreative	JJ	1.0
Message	NN	1.0
Understanding	VBG	1.0
Conference	NNP	1.0
Technolangue\/Easy	NNP	0.5
Text	NNP	0.3333333333333333
Retrieval	NNP	1.0
exercises	NNS	1.0
Semantic	JJ	0.6666666666666666
SemEval	NN	1.0
MorphoChallenge	NN	1.0
Semi-supervised	JJ	1.0
Unsupervised	JJ	1.0
Morpheme	NNP	1.0
Analysis	NNP	0.4
Standardization	NNP	1.0
ISO	NN	1.0
sub-committee	NN	1.0
ease	VB	1.0
interoperability	NN	1.0
lexical	JJ	1.0
ISO\/TC37	NN	1.0
ISO\/TC37\/SC4	NN	1.0
standards	NNS	1.0
published	VBN	0.7142857142857143
under	IN	1.0
lexicon	NN	1.0
LMF	NN	1.0
category	NN	1.0
registry	NN	1.0
shortened	VBN	1.0
version	NN	1.0
product	NN	1.0
still	RB	1.0
points	NNS	0.5
original	JJ	0.9230769230769231
DA	NN	0.6666666666666666
studies	NNS	1.0
term	NN	1.0
analyzing	NN	0.2
signed	VBN	1.0
semiotic	JJ	1.0
event	NN	1.0
abbreviation	NN	1.0
MT	NN	0.6
confused	VBN	1.0
computer-aided	JJ	1.0
machine-aided	JJ	1.0
MAHT	NN	1.0
interactive	JJ	1.0
sub-field	NN	1.0
investigates	VBZ	1.0
software	NN	1.0
basic	JJ	1.0
level	NN	1.0
performs	VBZ	1.0
substitution	NN	1.0
good	JJ	1.0
whole	JJ	0.7777777777777778
phrases	NNS	1.0
closest	JJS	1.0
counterparts	NNS	1.0
target	NN	1.0
Solving	VBG	1.0
techniques	NNS	1.0
rapidly	RB	1.0
growing	VBG	1.0
leading	VBG	1.0
better	JJR	0.8888888888888888
translations	NNS	1.0
differences	NNS	1.0
typology	NN	1.0
idioms	NNS	1.0
isolation	NN	1.0
anomalies	NNS	1.0
citation	NN	1.0
Current	JJ	0.8
allows	VBZ	1.0
customisation	NN	1.0
domain	NN	1.0
profession	NN	1.0
weather	NN	1.0
reports	NNS	1.0
improving	VBG	1.0
limiting	VBG	1.0
scope	NN	1.0
allowable	JJ	1.0
substitutions	NNS	1.0
technique	NN	1.0
effective	JJ	1.0
domains	NNS	1.0
formulaic	JJ	1.0
follows	VBZ	1.0
legal	JJ	1.0
usable	JJ	1.0
standardised	JJ	1.0
Improved	VBN	1.0
achieved	VBN	0.8
intervention	NN	1.0
accurately	RB	1.0
if	IN	1.0
unambiguously	RB	1.0
With	IN	0.8571428571428571
assistance	NN	1.0
MT	NNP	0.4
proven	VBN	1.0
tool	NN	1.0
assist	VB	1.0
translators	NNS	1.0
potential	NN	0.5714285714285714
debated	VBN	1.0
Since	IN	1.0
1950s	CD	0.75
scholars	NNS	1.0
questioned	VBN	1.0
possibility	NN	1.0
achieving	VBG	1.0
critics	NNS	1.0
claim	VBP	1.0
in-principle	JJ	1.0
obstacles	NNS	1.0
automatizing	VBG	1.0
1629	CD	1.0
René	NNP	1.0
Descartes	NNP	1.0
universal	JJ	1.0
equivalent	JJ	0.8
ideas	NNS	1.0
tongues	NNS	1.0
sharing	VBG	1.0
symbol	NN	1.0
involved	VBN	0.6666666666666666
ushered	VBD	1.0
era	NN	1.0
substantial	JJ	1.0
funding	NN	0.75
machine-translation	NN	1.0
Real	JJ	1.0
ten-year-long	JJ	1.0
Beginning	VBG	0.5
increased	VBD	0.2
became	VBD	1.0
expensive	JJ	1.0
interest	NN	1.0
shown	VBN	1.0
idea	NN	1.0
digital	JJ	1.0
proposed	VBN	0.6666666666666666
early	RB	0.1
1946	CD	1.0
A.	NNP	1.0
Booth	NNP	1.0
possibly	RB	1.0
Warren	NNP	1.0
Weaver	NNP	1.0
wrote	VBD	1.0
memorandum	NN	1.0
Translation	NN	1.0
1949	CD	1.0
means	VBZ	1.0
demonstration	NN	1.0
APEXC	NNP	1.0
Birkbeck	NNP	1.0
College	NNP	1.0
University	NNP	1.0
London	NNP	1.0
rudimentary	JJ	1.0
Several	JJ	1.0
papers	NNS	1.0
popular	JJ	1.0
journals	NNS	1.0
Wireless	NNP	1.0
Sept.	NNP	1.0
1955	CD	1.0
Cleave	NNP	1.0
Zacharov	NNP	1.0
pioneered	VBD	1.0
reading	VBG	0.5
composing	VBG	1.0
Braille	NNP	1.0
Decoding	VBG	0.5
source	NN	1.0
Re-encoding	JJ	1.0
Behind	IN	1.0
ostensibly	RB	1.0
lies	VBZ	1.0
cognitive	JJ	1.0
operation	NN	1.0
decode	VB	1.0
entirety	NN	1.0
translator	NN	1.0
must	MD	1.0
interpret	VB	1.0
analyze	VB	0.5
all	PDT	0.16279069767441862
in-depth	JJ	1.0
syntax	NN	1.0
etc.	FW	0.13636363636363635
culture	NN	1.0
speakers	NNS	1.0
needs	VBZ	0.8
re-encode	VB	1.0
Therein	NNP	1.0
challenge	NN	1.0
how	WRB	1.0
program	VB	0.045454545454545456
understand	VB	1.0
does	VBZ	1.0
create	VB	0.7647058823529411
approached	VBN	1.0
ways	NNS	1.0
Approaches	VBZ	0.3333333333333333
Bernard	NNP	1.0
Vauquois	NNP	1.0
pyramid	NN	1.0
showing	VBG	1.0
comparative	JJ	1.0
depths	NNS	1.0
intermediary	JJ	1.0
interlingual	JJ	1.0
peak	NN	1.0
followed	VBN	0.75
transfer-based	JJ	1.0
translated	VBN	0.75
suitable	JJ	1.0
orally	RB	1.0
replace	VB	1.0
argued	VBN	1.0
first	RB	0.15151515151515152
rule-based	JJ	1.0
parse	VBP	0.1111111111111111
symbolic	JJ	1.0
According	VBG	1.0
require	VBP	0.45454545454545453
lexicons	NNS	1.0
morphological	JJ	1.0
enough	JJ	0.6
work	VBP	0.20833333333333334
enough	RB	0.4
native	JJ	1.0
speaker	NN	1.0
get	VB	0.8571428571428571
approximate	JJ	1.0
getting	VBG	1.0
support	VB	0.5
work	NN	0.75
grammar-based	JJ	1.0
But	CC	1.0
need	VBP	0.5714285714285714
skilled	JJ	1.0
linguist	NN	1.0
carefully	RB	1.0
design	VB	0.25
use	VBP	0.19444444444444445
closely	RB	1.0
shallow-transfer	JJ	1.0
Rule-based	JJ	1.0
dictionary-based	JJ	1.0
paradigms	NNS	1.0
Transfer-based	JJ	1.0
Interlingual	NNP	0.3333333333333333
Interlingual	JJ	0.6666666666666666
instance	NN	1.0
transformed	VBN	1.0
\/	:	1.0
target-language-independent	JJ	1.0
out	IN	0.07142857142857142
interlingua	NN	1.0
Dictionary-based	JJ	1.0
entries	NNS	1.0
tries	VBZ	1.0
generate	VB	0.7777777777777778
bilingual	JJ	1.0
Canadian	NNP	0.5
Hansard	NNP	1.0
English-French	JJ	1.0
record	NN	1.0
Canadian	JJ	0.5
parliament	NN	1.0
EUROPARL	NN	1.0
Where	WRB	1.0
corpora	NNS	0.2727272727272727
impressive	JJ	1.0
translating	VBG	1.0
rare	JJ	1.0
CANDIDE	NNP	1.0
Google	NNP	1.0
used	VBD	0.07964601769911504
SYSTRAN	NNP	1.0
switched	VBD	1.0
October	NNP	1.0
Recently	RB	1.0
improved	VBD	0.5
capabilities	NNS	1.0
inputting	VBG	1.0
approximately	RB	1.0
200	CD	1.0
billion	CD	1.0
United	NNP	1.0
Nations	NNP	0.5
materials	NNS	1.0
train	VB	1.0
Accuracy	NN	0.8571428571428571
improved	VBN	0.5
Example-based	JJ	1.0
EBMT	NN	1.0
Makoto	NNP	1.0
Nagao	NNP	1.0
1984	CD	1.0
characterised	VBN	1.0
main	JJ	1.0
run-time	NN	1.0
essentially	RB	1.0
analogy	NN	1.0
viewed	VBN	1.0
case-based	JJ	1.0
reasoning	NN	1.0
Hybrid	NNP	1.0
HMT	NN	1.0
leverages	VBZ	1.0
strengths	NNS	1.0
methodologies	NNS	1.0
companies	NNS	1.0
Asia	NNP	1.0
Online	NNP	1.0
LinguaSys	NNP	1.0
Systran	NNP	1.0
PangeaMT	NN	1.0
UPV	NN	1.0
claiming	VBG	1.0
hybrid	NN	1.0
Rules	NNS	1.0
post-processed	JJ	1.0
Translations	NNS	1.0
engine	NN	1.0
Statistics	NNS	1.0
attempt	NN	0.6666666666666666
adjust\/correct	VB	1.0
guided	VBN	1.0
pre-process	JJ	1.0
better	RB	0.1111111111111111
guide	VB	1.0
post-process	VB	1.0
functions	NNS	1.0
normalization	NN	1.0
lot	NN	1.0
flexibility	NN	1.0
control	NN	1.0
issues	NNS	1.0
Disambiguation	NNP	1.0
Word-sense	JJ	1.0
concerns	NNS	1.0
finding	VBG	1.0
raised	VBN	1.0
Yehoshua	NNP	1.0
Bar-Hillel	NNP	1.0
pointed	VBD	1.0
encyclopedia	NN	1.0
meanings	NNS	1.0
Today	NN	1.0
numerous	JJ	1.0
designed	VBN	1.0
overcome	VB	1.0
They	PRP	1.0
divided	VBN	1.0
shallow	JJ	1.0
deep	JJ	1.0
Shallow	JJ	1.0
assume	VBP	1.0
apply	VB	0.4
Deep	JJ	1.0
presume	VBP	1.0
comprehensive	JJ	1.0
So	RB	0.6666666666666666
far	RB	1.0
Claude	NNP	1.0
Piron	NNP	1.0
long-time	JJ	1.0
Nations	NNPS	0.5
Health	NNP	1.0
Organization	NNP	1.0
automates	VBZ	1.0
job	NN	1.0
harder	JJR	1.0
doing	VBG	1.0
ambiguities	NNS	1.0
exigencies	NNS	1.0
resolved	VBN	1.0
need	VB	0.19047619047619047
workday	NN	1.0
pages	NNS	1.0
hour	NN	1.0
...	:	1.0
About	IN	1.0
90	CD	1.0
%	NN	1.0
average	JJ	1.0
corresponds	VBZ	1.0
conditions	NNS	1.0
unfortunately	RB	1.0
's	VBZ	0.0784313725490196
six	CD	1.0
hours	NNS	1.0
There	EX	1.0
author	NN	1.0
Australian	JJ	0.5
physician	NN	1.0
cited	VBD	1.0
epidemic	JJ	1.0
declared	VBN	1.0
War	NNP	1.0
II	NNP	0.5
Japanese	JJ	0.375
prisoner	NN	1.0
war	NN	1.0
camp	NN	1.0
Was	VBD	1.0
he	PRP	1.0
talking	VBG	1.0
American	JJ	0.4
prisoners	NNS	1.0
therefore	RB	1.0
do	VB	0.2692307692307692
maybe	RB	1.0
phone	NN	1.0
call	NN	0.6666666666666666
Australia	NNP	1.0
ideal	JJ	1.0
own	JJ	1.0
higher	JJR	1.0
degree	NN	1.0
AI	NN	0.6666666666666666
yet	RB	1.0
attained	VBN	1.0
guessed	VBD	1.0
phrase	NN	1.0
prisoner-of-war	JJ	1.0
mentioned	VBN	1.0
reasonable	JJ	1.0
chance	NN	1.0
guessing	VBG	1.0
wrong	JJ	1.0
ask	VB	1.0
estimate	NN	0.25
automate	VBP	0.3333333333333333
25	CD	1.0
professional	JJ	1.0
leaving	VBG	1.0
75	CD	1.0
done	VBN	1.0
writing	NN	0.3333333333333333
communicative	JJ	1.0
variously	RB	1.0
coherent	JJ	1.0
sequences	NNS	1.0
propositions	NNS	1.0
acts	NNS	0.6666666666666666
turns-at-talk	NN	1.0
Contrary	JJ	1.0
traditional	JJ	1.0
analysts	NNS	1.0
study	VB	0.25
'	''	0.6842105263157895
prefer	VBP	1.0
naturally	RB	1.0
occurring	VBG	1.0
invented	VBN	0.5
essential	JJ	1.0
difference	NN	1.0
aims	VBZ	1.0
revealing	VBG	1.0
socio-psychological	JJ	1.0
characteristics	NNS	1.0
person\/persons	NNS	1.0
taken	VBN	1.0
variety	NN	1.0
disciplines	NNS	1.0
sociology	NN	1.0
anthropology	NN	1.0
psychology	NN	1.0
international	JJ	1.0
relations	NNS	1.0
geography	NN	1.0
communication	NN	1.0
subject	JJ	0.125
dimensions	NNS	1.0
primarily	RB	1.0
States	NNPS	1.0
represent	VB	0.6666666666666666
worldwide	JJ	1.0
view	NN	0.6666666666666666
subject	NN	0.875
Please	VB	1.0
improve	VB	1.0
discuss	VBP	1.0
issue	NN	1.0
talk	NN	1.0
December	NNP	1.0
2010	CD	1.0
Austrian	JJ	1.0
emigre	NN	1.0
Leo	NNP	1.0
Spitzer	NNP	1.0
Stilstudien	NNP	1.0
Style	NNP	1.0
Studies	NNP	1.0
1928	CD	1.0
earliest	JJS	1.0
Michel	NNP	1.0
Foucault	NNP	1.0
himself	PRP	1.0
translated	VBD	0.25
came	VBD	1.0
following	VBG	0.4666666666666667
Zellig	NNP	1.0
Harris	NNP	1.0
beginning	VBG	1.0
1952	CD	1.0
reporting	VBG	0.3333333333333333
1930s	NNS	1.0
Formal	JJ	1.0
equivalence	JJ	1.0
transformations	NNS	1.0
put	VB	0.5
canonical	JJ	1.0
Words	NNS	0.75
appear	VBP	0.5625
column	NN	1.0
array	NN	1.0
progressed	VBD	1.0
next	JJ	1.0
decades	NNS	1.0
references	NNS	1.0
sublanguage	NN	0.6666666666666666
Kittredge	NNP	1.0
&	CC	1.0
Lehrberger	NNP	1.0
1982	CD	1.0
culminating	VBG	1.0
informational	JJ	1.0
immunology	NN	1.0
et	FW	1.0
al.	FW	1.0
1989	CD	1.0
articulated	VBN	1.0
linguists	NNS	1.0
decided	VBD	0.6666666666666666
succession	NN	1.0
elaborate	JJ	1.0
sentence-level	JJ	1.0
discourses	NNS	1.0
worked	VBN	0.2
January	NNP	1.0
American	NNP	0.6
Bible	NNP	1.0
Society	NNP	1.0
James	NNP	1.0
Lauriault\/Loriot	NNP	1.0
find	VB	0.8461538461538461
fundamental	JJ	1.0
Quechua	NNP	1.0
Cuzco	NNP	1.0
area	NN	1.0
Peru	NNP	1.0
took	VBD	1.0
recorded	VBD	1.0
legends	NNS	1.0
placement	NN	1.0
form	VB	0.3
logical	JJ	1.0
mathematical	JJ	1.0
transcended	VBD	1.0
applied	VBD	0.13333333333333333
Eastern	NNP	1.0
Shipibo	NNP	1.0
taught	VBD	0.6666666666666666
Norman	NNP	1.0
Oklahoma	NNP	1.0
summers	NNS	1.0
1956	CD	1.0
1957	CD	1.0
Pennsylvania	NNP	1.0
interim	JJ	1.0
year	NN	1.0
tried	VBD	0.3333333333333333
publish	VB	1.0
paper	NN	1.0
Paragraph	NNP	1.0
Structure	NN	1.0
delayed	VBN	1.0
1970	CD	1.0
Loriot	NNP	1.0
Hollenbach	NNP	1.0
meantime	NN	1.0
Dr.	NNP	1.0
Kenneth	NNP	1.0
Lee	NNP	1.0
Pike	NNP	1.0
professor	NN	1.0
Michigan	NNP	1.0
Ann	NNP	1.0
Arbor	NNP	1.0
students	NNS	1.0
Robert	NNP	1.0
Longacre	NNP	1.0
disseminate	VB	1.0
dissertation	NN	1.0
methodology	NN	1.0
team	NN	1.0
led	VBN	0.3333333333333333
Naomi	NNP	1.0
Sager	NNP	1.0
NYU	NNP	1.0
sublanguage	JJ	0.3333333333333333
medical	JJ	1.0
informatics	NNS	1.0
Medical	NNP	1.0
Processor	NNP	1.0
publicly	RB	1.0
SourceForge	NNP	1.0
1970s	NNS	0.6666666666666666
cross-discipline	NN	1.0
DA	NNP	0.3333333333333333
develop	VB	1.0
humanities	NNS	1.0
sciences	NNS	1.0
concurrently	RB	1.0
semiotics	NNS	1.0
psycholinguistics	NNS	1.0
sociolinguistics	NNS	1.0
pragmatics	NNS	1.0
influenced	VBN	1.0
favor	VBP	1.0
dynamic	JJ	1.0
study	NN	0.75
oral	JJ	1.0
talk-in-interaction	NN	1.0
Mention	NN	1.0
Conversational	JJ	1.0
Sociologist	NNP	1.0
Harold	NNP	1.0
Garfinkel	NNP	1.0
founder	NN	1.0
Ethnomethodology	NN	1.0
Europe	NNP	0.8
key	JJ	1.0
theorists	NNS	1.0
Archaeology	NN	1.0
Knowledge	NN	1.0
Topics	NNS	1.0
levels	NNS	1.0
intonation	NN	1.0
gestures	NNS	1.0
style	NN	1.0
rhetoric	NN	1.0
moves	NNS	1.0
strategies	NNS	1.0
turns	NNS	1.0
Genres	NNS	1.0
politics	NNS	1.0
education	NN	1.0
business	NN	1.0
emergence	NN	1.0
cognition	NN	1.0
memory	NN	1.0
Political	JJ	1.0
focuses	VBZ	1.0
political	JJ	1.0
forums	NNS	1.0
debates	NNS	1.0
speeches	NNS	1.0
hearings	NNS	1.0
phenomenon	NN	1.0
informal	JJ	1.0
exchange	NN	1.0
reasoned	VBN	1.0
views	NNS	1.0
alternative	JJ	1.0
courses	NNS	1.0
action	NN	1.0
societal	JJ	1.0
essence	NN	1.0
democracy	NN	1.0
Full	JJ	1.0
persuasion	NN	1.0
candidacies	NNS	1.0
our	PRP$	1.0
everyday	JJ	1.0
Perspectives	NNS	1.0
perspectives	NNS	1.0
analytical	JJ	1.0
Emergent	JJ	1.0
Cohesion	NN	1.0
relevance	NN	1.0
Functional	JJ	1.0
Rhetoric	NN	1.0
Stylistics	NNS	1.0
Interactional	JJ	1.0
Ethnography	NN	1.0
Pragmatics	NNS	1.0
act	NN	0.25
Conversation	NN	1.0
Variation	NN	1.0
Applied	NNP	1.0
linguistics	VBZ	0.05
Cognitive	JJ	0.6666666666666666
label	NN	1.0
studying	VBG	1.0
production	NN	1.0
comprehension	NN	1.0
Discursive	JJ	1.0
Response	NNP	1.0
therapy	NN	1.0
counselling	NN	1.0
Critical	JJ	1.0
Sublanguage	NN	1.0
Genre	NNP	0.5
Genre	NN	0.5
Analysis	NN	0.6
emphasize	VBP	1.0
view	VBP	0.3333333333333333
contexts	NNS	1.0
distinction	NN	1.0
local	JJ	1.0
global	JJ	1.0
topics	NNS	1.0
schematic	JJ	1.0
conversations	NNS	1.0
begin	VB	1.0
titles	NNS	1.0
headlines	NNS	1.0
leads	NNS	1.0
abstracts	NNS	1.0
so	RB	0.43333333333333335
on	RB	0.018867924528301886
analyst	NN	1.0
decide	VB	0.75
relevant	JJ	1.0
specification	NN	1.0
required	VBN	0.5714285714285714
Are	VBP	1.0
there	RB	0.05
principles	NNS	1.0
Prominent	JJ	1.0
lists	NNS	1.0
poorly	RB	1.0
unverified	JJ	1.0
indiscriminate	JJ	1.0
help	NN	0.3333333333333333
clean	VB	0.5
meet	VB	1.0
Wikipedia	NNP	1.0
May	NNP	1.0
2012	CD	1.0
Marc	NNP	1.0
Angenot	NNP	1.0
de	IN	0.5
Beaugrande	NNP	1.0
Jan	NNP	1.0
Blommaert	NNP	1.0
Adriana	NNP	1.0
Bolivar	NNP	1.0
Carmen	NNP	1.0
Rosa	NNP	1.0
Caldas-Coulthard	NNP	1.0
Robyn	NNP	1.0
Carston	NNP	1.0
Wallace	NNP	1.0
Chafe	NNP	1.0
Paul	NNP	1.0
Chilton	NNP	1.0
Guy	NNP	1.0
Cook	NNP	1.0
Malcolm	NNP	1.0
Coulthard	NNP	1.0
Deese	NNP	1.0
Drew	NNP	1.0
Du	NNP	1.0
Bois	NNP	1.0
Alessandro	NNP	1.0
Duranti	NNP	1.0
Brenton	NNP	1.0
Faber	NNP	1.0
Fairclough	NNP	1.0
Roger	NNP	1.0
Fowler	NNP	1.0
Gee	NNP	1.0
Talmy	NNP	1.0
Givón	NNP	1.0
Charles	NNP	1.0
Goodwin	NNP	1.0
Art	NNP	1.0
Graesser	NNP	1.0
Michael	NNP	1.0
Halliday	NNP	1.0
Heritage	NNP	1.0
Janet	NNP	1.0
Holmes	NNP	1.0
David	NNP	1.0
Howarth	NNP	1.0
Hopper	NNP	1.0
Gail	NN	1.0
Jefferson	NNP	1.0
Barbara	NNP	1.0
Johnstone	NNP	1.0
Walter	NNP	1.0
Kintsch	NNP	1.0
Richard	NNP	1.0
Adam	NNP	1.0
Jaworski	NNP	1.0
William	NNP	1.0
Labov	NNP	1.0
George	NNP	1.0
Lakoff	NNP	1.0
Jay	NNP	1.0
Lemke	NNP	1.0
Stephen	NNP	1.0
H.	NNP	1.0
Levinsohn	NNP	1.0
Jim	NNP	1.0
Martin	NNP	1.0
Aletta	NNP	1.0
Norval	NNP	1.0
Nunan	NNP	1.0
Elinor	NNP	1.0
Ochs	NNP	1.0
Gina	NNP	1.0
Poncini	NNP	1.0
Jonathan	NNP	1.0
Potter	NNP	1.0
Edward	NNP	1.0
Robinson	NNP	1.0
Nikolas	NNP	1.0
Rose	NNP	1.0
Harvey	NNP	1.0
Sacks	NNP	1.0
Svenka	NNP	1.0
Savic	NNP	1.0
Emanuel	NNP	1.0
Schegloff	NNP	1.0
Deborah	NNP	1.0
Schiffrin	NNP	1.0
Schober	NNP	1.0
Stef	NNP	1.0
Slembrouck	NNP	1.0
Stubbs	NNP	1.0
Swales	NNP	1.0
Tannen	NNP	1.0
Sandra	NNP	1.0
Thompson	NNP	1.0
Teun	NNP	1.0
van	NNP	1.0
Dijk	NNP	1.0
Theo	NNP	1.0
Leeuwen	NNP	1.0
Jef	NNP	1.0
Verschueren	NNP	1.0
Henry	NNP	1.0
Widdowson	NNP	1.0
Carla	NNP	1.0
Willig	NNP	1.0
Deirdre	NNP	1.0
Wilson	NNP	1.0
Ruth	NNP	1.0
Wodak	NNP	1.0
Margaret	NNP	1.0
Wetherell	NNP	1.0
Ernesto	NNP	1.0
Laclau	NNP	1.0
Chantal	NNP	1.0
Mouffe	NNP	1.0
Judith	NNP	1.0
De	NNP	1.0
Guzman	NNP	1.0
Cynthia	NNP	1.0
Hardy	NNP	1.0
Louise	NNP	1.0
Phillips	NNP	1.0
Bhatia	NNP	1.0
V.J.	NNP	1.0
overload	NN	1.0
meant	VBN	0.5
access	NN	1.0
correctly-developed	JJ	1.0
vital	JJ	1.0
increased	VBN	0.8
engines	NNS	1.0
Technologies	NNP	1.0
account	NN	1.0
variables	NNS	1.0
length	NN	1.0
Extractive	JJ	1.0
selecting	VBG	0.8
subset	NN	1.0
abstractive	JJ	1.0
build	VBP	0.6666666666666666
internal	JJ	1.0
might	NN	0.038461538461538464
contain	VB	0.5833333333333334
explicitly	RB	1.0
present	JJ	0.8333333333333334
original	NN	0.07692307692307693
state-of-the-art	JJ	1.0
weak	JJ	1.0
extractive	JJ	1.0
cover	VB	1.0
Two	CD	1.0
addressed	VBN	0.5
literature	NN	1.0
keyphrase	NN	1.0
tag	VB	0.125
document	NN	1.0
short	JJ	1.0
paragraph	NN	1.0
Extraction	NN	1.0
abstraction	NN	1.0
Broadly	RB	1.0
merely	RB	1.0
copy	VBP	1.0
deemed	VBD	1.0
clauses	NNS	1.0
paragraphs	NNS	1.0
paraphrasing	VBG	1.0
sections	NNS	1.0
condense	VB	1.0
strongly	RB	1.0
Types	NNS	1.0
depending	VBG	1.0
on	RP	0.009433962264150943
query	JJ	0.6666666666666666
query-biased	JJ	1.0
Summarization	NN	0.75
machine-generated	JJ	1.0
multimedia	NNS	1.0
pictures	NNS	1.0
movies	NNS	1.0
single	JJ	1.0
cluster	NN	1.0
news	NN	1.0
stories	NNS	1.0
multi-document	JJ	1.0
Keyphrase	NN	1.0
Task	NNP	1.0
description	NN	1.0
You	PRP	1.0
piece	NN	1.0
keywords	NNS	1.0
keyphrases	NNS	1.0
capture	VBP	0.5
primary	JJ	1.0
provide	VBP	0.16666666666666666
manually	RB	1.0
assigned	VBN	1.0
lacks	VBZ	1.0
pre-existing	JJ	1.0
rarely	RB	1.0
recent	JJ	1.0
Army	NNP	1.0
Corps	NNP	1.0
Engineers	NNP	1.0
rushing	VBG	1.0
President	NNP	1.0
Bush	NNP	1.0
promise	NN	1.0
protect	VB	1.0
New	NNP	1.0
Orleans	NNP	1.0
start	NN	0.5714285714285714
hurricane	NN	1.0
season	NN	1.0
installed	VBN	1.0
defective	JJ	1.0
flood-control	JJ	1.0
pumps	NNS	1.0
last	JJ	1.0
despite	IN	1.0
warnings	NNS	1.0
expert	NN	1.0
equipment	NN	1.0
fail	VB	1.0
storm	NN	1.0
according	VBG	1.0
obtained	VBN	0.7142857142857143
Associated	NNP	1.0
Press	NNP	1.0
extractor	NN	1.0
pulled	VBN	1.0
directly	RB	1.0
somehow	RB	1.0
internalize	VB	1.0
descriptive	JJ	1.0
negligence	NN	1.0
inadequate	JJ	1.0
protection	NN	1.0
floods	NNS	1.0
appear	VB	0.4375
Keyphrases	NNS	1.0
browsing	NN	1.0
Also	RB	1.0
could	MD	1.0
search	VB	0.18181818181818182
hits	NNS	1.0
full-text	JJ	1.0
generating	VBG	1.0
index	NN	1.0
Beginning	NN	0.5
Turney	NNP	0.7777777777777778
researchers	NNS	1.0
construct	VBP	0.3333333333333333
unigram	NN	0.6
bigram	NN	1.0
trigram	NN	1.0
though	IN	0.9
units	NNS	1.0
We	PRP	1.0
compute	VBP	0.5
describing	VBG	1.0
upper-case	JJ	1.0
letter	NN	1.0
assign	VB	0.8
positive	JJ	1.0
negative	JJ	1.0
labels	NNS	1.0
learn	VBP	0.23076923076923078
classifier	NN	1.0
discriminate	VB	1.0
classifiers	NNS	1.0
binary	JJ	1.0
classification	NN	1.0
assign	VBP	0.2
probability	NN	1.0
rule	NN	1.0
says	VBZ	1.0
initial	JJ	1.0
After	IN	1.0
training	VBG	0.03571428571428571
learner	NN	1.0
following	JJ	0.2
manner	NN	1.0
apply	VBP	0.6
example-generation	NN	1.0
strategy	NN	1.0
looking	VBG	1.0
probabilities	NNS	1.0
returned	VBN	0.75
If	IN	1.0
threshold	NN	1.0
extractors	NNS	1.0
precision	NN	1.0
recall	NN	1.0
Precision	NN	1.0
measures	VBZ	0.16666666666666666
actually	RB	1.0
Recall	VB	1.0
measures	NNS	0.8333333333333334
true	JJ	1.0
combined	VBN	1.0
F-score	NN	1.0
harmonic	JJ	1.0
mean	NN	0.5
F	NN	1.0
=	JJ	1.0
2PR	NN	1.0
P	NN	1.0
+	CC	1.0
R	NN	1.0
Matches	NNS	1.0
checked	VBN	0.5
applying	VBG	1.0
Design	NN	1.0
choices	NNS	1.0
Designing	NNP	1.0
deciding	VBG	1.0
too	RB	1.0
choice	NN	1.0
exactly	RB	1.0
Turney	NN	0.2222222222222222
unigrams	NNS	1.0
bigrams	NNS	1.0
trigrams	NNS	1.0
intervening	VBG	1.0
removing	VBG	1.0
stopwords	NNS	1.0
Hulth	NNP	1.0
showed	VBD	1.0
improvement	NN	1.0
tokens	VBN	1.0
match	VBP	0.16666666666666666
certain	JJ	1.0
patterns	NNS	1.0
tags	NNS	1.0
Ideally	RB	1.0
mechanism	NN	1.0
candidates	NNS	1.0
only	JJ	0.10526315789473684
extract	VB	1.0
Thus	RB	1.0
suffer	VB	1.0
lead	VB	1.0
low	JJ	1.0
describe	VBP	0.5
allow	VB	0.8
non	JJ	1.0
Typically	RB	1.0
frequencies	NNS	1.0
times	NNS	1.0
position	NN	1.0
occurrence	NN	1.0
boolean	JJ	1.0
caps	NNS	1.0
12	CD	1.0
KEA	NN	1.0
Algorithm	NN	1.0
seminal	JJ	1.0
How	WRB	1.0
return	VB	1.0
limit	VB	0.5
Ensemble	NN	1.0
votes	NNS	1.0
numeric	JJ	1.0
scores	NNS	1.0
thresholded	VBN	1.0
user-provided	JJ	1.0
C4	NN	1.0
.5	CD	1.0
implicitly	RB	1.0
determines	VBZ	1.0
appropriate	JJ	1.0
What	WDT	0.09090909090909091
Once	RB	1.0
Virtually	RB	1.0
Naive	JJ	1.0
Bayes	NNS	0.3333333333333333
induction	NN	1.0
GenEx	NN	1.0
genetic	JJ	1.0
domain-specific	JJ	1.0
heuristics	NNS	1.0
identify	VB	0.5833333333333334
optimizes	VBZ	1.0
TextRank	NN	0.14285714285714285
While	IN	1.0
nice	JJ	1.0
properties	NNS	1.0
interpretable	JJ	1.0
characterize	VBP	1.0
tends	VBZ	1.0
customize	VB	1.0
necessarily	RB	1.0
portable	JJ	1.0
demonstrate	VBP	1.0
removes	VBZ	1.0
need	NN	0.23809523809523808
approaches	VBZ	0.07142857142857142
angle	NN	1.0
Instead	RB	1.0
trying	VBG	1.0
TextRank	NNP	0.8571428571428571
exploits	VBZ	1.0
central	JJ	1.0
PageRank	NN	0.6666666666666666
selects	VBZ	1.0
notion	NN	1.0
prestige	NN	1.0
recommendation	NN	1.0
networks	NNS	1.0
rely	VB	0.42857142857142855
previous	JJ	1.0
run	VBN	0.2
arbitrary	JJ	1.0
easily	RB	1.0
graph-based	JJ	1.0
ranking	NN	0.8571428571428571
Essentially	RB	1.0
runs	VBZ	1.0
PageRank	NNP	0.3333333333333333
graph	NN	1.0
specially	RB	1.0
builds	VBZ	1.0
vertices	NNS	1.0
Edges	NNS	1.0
measure	NN	0.6363636363636364
similarity	NN	1.0
unit	NN	1.0
Unlike	IN	1.0
edges	NNS	1.0
undirected	JJ	1.0
weighted	VBN	0.6666666666666666
reflect	VB	1.0
constructed	VBN	1.0
matrix	NN	1.0
damping	VBG	1.0
factor	NN	1.0
random	JJ	1.0
surfer	NN	1.0
eigenvector	NN	1.0
corresponding	VBG	0.3333333333333333
eigenvalue	NN	1.0
1	CD	1.0
stationary	JJ	1.0
distribution	NN	1.0
walk	NN	1.0
correspond	VB	1.0
want	VBP	0.6666666666666666
rank	VB	0.5
Potentially	RB	1.0
something	NN	1.0
vertex	NN	1.0
keep	VB	1.0
decide	VBP	0.25
merges	VBZ	1.0
ranked	VBN	1.0
adjacent	JJ	1.0
multi-word	JJ	1.0
side	NN	1.0
effect	NN	1.0
allowing	VBG	1.0
us	PRP	1.0
rank	VBP	0.16666666666666666
advanced	JJ	1.0
get	VBP	0.14285714285714285
ranks	NNS	0.5
look	VB	0.4
consecutively	RB	1.0
final	JJ	1.0
together	RB	1.0
placed	VBN	1.0
filtered	VBN	1.0
include	VB	0.2962962962962963
play	NN	1.0
co-occurrence	NN	1.0
connected	VBN	0.8
edge	NN	1.0
window	NN	1.0
N	NN	1.0
around	IN	1.0
2	CD	0.8
linked	VBN	1.0
string	NN	1.0
cohesion	NN	1.0
near	IN	1.0
likely	RB	0.3125
recommend	VB	1.0
reader	NN	1.0
formed	VBN	0.6
ranks	VBZ	0.5
chosen	VBN	0.6
set	VB	0.07692307692307693
count	NN	1.0
T	NN	1.0
user-specified	JJ	1.0
fraction	NN	1.0
total	JJ	1.0
top	JJ	0.8
vertices\/unigrams	NNS	1.0
selected	VBN	1.0
post	NN	1.0
merge	VB	1.0
instances	NNS	1.0
potentially	RB	1.0
less	JJR	0.5
roughly	RB	1.0
proportional	JJ	1.0
works	VBZ	1.0
initially	RB	1.0
clear	JJ	1.0
think	VB	0.3333333333333333
throughout	IN	1.0
co-occurring	JJ	1.0
unigram	JJ	0.4
co-occur	VB	1.0
supervised	VBN	0.125
un-supervised	JJ	1.0
hub	NN	1.0
connects	VBZ	1.0
modifying	VBG	1.0
Running	VBG	1.0
PageRank\/TextRank	NN	1.0
Similarly	RB	1.0
importance	NN	1.0
contribute	VB	1.0
ends	VBZ	1.0
rank	NN	0.3333333333333333
along	IN	1.0
probably	RB	1.0
post-processing	JJ	1.0
end	VB	0.625
densely	RB	1.0
regions	NNS	1.0
assigns	VBZ	1.0
centers	NNS	1.0
clusters	NNS	1.0
Document	NNP	1.0
Like	IN	1.0
hopes	VBZ	1.0
dealing	VBG	1.0
abstract	JJ	1.0
synopsis	NN	1.0
majority	NN	1.0
place	VB	0.5
Before	IN	1.0
details	NNS	1.0
mention	VB	1.0
so-called	JJ	1.0
ROUGE	NN	0.6
Recall-Oriented	JJ	1.0
Understudy	NN	1.0
Gisting	JJ	1.0
http:\/\/haydn.isi.edu\/ROUGE\/	NN	1.0
recall-based	JJ	1.0
system-generated	JJ	1.0
human-generated	JJ	1.0
encourage	VB	1.0
computed	VBN	1.0
4-gram	JJ	1.0
matching	NN	0.6
ROUGE-1	NN	1.0
correlate	VB	0.3333333333333333
best	RB	0.05555555555555555
assessments	NNS	1.0
highest	JJS	1.0
correlate	VBP	0.6666666666666666
division	NN	1.0
averaged	VBN	1.0
Because	IN	1.0
ROUGE	NNP	0.4
overlap	VBP	0.75
flow	VBP	1.0
sensible	JJ	1.0
High-order	FW	1.0
n-gram	FW	0.5
try	VBP	1.0
judge	VB	0.5
fluency	NN	1.0
BLEU	NNP	1.0
promising	JJ	1.0
line	NN	1.0
adaptive	JJ	1.0
document\/text	NN	0.5
preliminary	JJ	1.0
document\/text	FW	0.5
genre	FW	0.5
subsequent	JJ	1.0
optimized	VBN	1.0
genre	NN	0.5
First	NNP	1.0
summarizes	VBZ	1.0
perform	VBP	0.36363636363636365
Overview	NN	1.0
Supervised	VBD	1.0
spend	VB	1.0
Basically	RB	1.0
collection	NN	1.0
inclusion	NN	1.0
Features	NNS	1.0
few	JJ	1.0
labeled	VBN	0.3333333333333333
create	VBP	0.23529411764705882
sufficient	JJ	1.0
match	VB	0.6666666666666666
cares	VBZ	1.0
LexRank	NNP	0.8333333333333334
spirit	NN	1.0
gets	VBZ	1.0
costly	JJ	1.0
centroid	JJ	1.0
mean	JJ	0.5
vector	NN	1.0
regard	NN	1.0
principled	JJ	1.0
walks	VBZ	1.0
centrality	NN	1.0
groups	NNS	1.0
focused	VBD	0.18181818181818182
just	RB	1.0
LexRank	NN	0.16666666666666666
cosine	NN	1.0
TF-IDF	NN	1.0
vectors	NNS	1.0
normalized	VBN	1.0
lengths	NNS	1.0
explored	VBD	0.5
unweighted	JJ	1.0
experimented	VBD	1.0
equal	JJ	1.0
score	NN	1.0
combining	VBG	1.0
cutoff	NN	1.0
worth	JJ	1.0
noting	VBG	1.0
here	RB	1.0
MEAD	NN	1.0
combines	VBZ	1.0
tuned	VBN	1.0
show	VBP	1.0
absolutely	RB	1.0
remains	VBZ	1.0
choose	VB	1.0
grown	VBN	1.0
summarizing	VBG	1.0
greater	JJR	1.0
risk	NN	1.0
selecting	NN	0.2
duplicate	VBP	0.5
redundant	JJ	1.0
Imagine	VB	1.0
Each	DT	1.0
want	VB	0.3333333333333333
address	VB	0.25
applies	VBZ	1.0
heuristic	NN	1.0
adding	VBG	1.0
discards	VBZ	1.0
Cross-Sentence	NNP	1.0
Information	NNP	0.6
Subsumption	NNP	1.0
CSIS	NNP	0.5
stems	VBZ	1.0
recommending	VBG	1.0
turn	NN	0.8333333333333334
intuitive	JJ	1.0
domain-independent	JJ	1.0
imagine	VB	1.0
indicating	VBG	1.0
vary	VB	0.3333333333333333
considerably	RB	1.0
biomedical	JJ	1.0
Incorporating	VBG	1.0
diversity	NN	1.0
GRASSHOPPER	NN	0.6666666666666666
faces	VBZ	1.0
redundancy	NN	1.0
like	VB	0.07142857142857142
contain	VBP	0.4166666666666667
diverse	JJ	1.0
deals	NNS	1.0
stage	NN	1.0
CSIS	NN	0.5
Maximal	JJ	1.0
Marginal	JJ	1.0
Relevance	NN	1.0
MMR	NN	1.0
eliminate	VB	1.0
Page\/Lex\/TextRank	NN	1.0
handles	VBZ	1.0
unified	JJ	1.0
framework	NN	1.0
absorbing	VBG	1.0
chain	NN	1.0
except	IN	1.0
states	NNS	1.0
act	VBP	0.25
black	JJ	1.0
holes	NNS	1.0
cause	VBP	0.5
abruptly	RB	1.0
state	NN	1.0
GRASSHOPPER	NNP	0.3333333333333333
reasons	NNS	1.0
soon	RB	1.0
become	VB	0.5
promoting	VBG	1.0
ranking	JJ	0.14285714285714285
incorporates	VBZ	1.0
Maximum	NNP	1.0
entropy-based	JJ	1.0
Even	RB	1.0
automating	VBG	1.0
practical	JJ	1.0
Extracted	VBN	1.0
valid	JJ	1.0
condensation	NN	1.0
operations	NNS	1.0
extracted	VBN	1.0
automated	VBN	0.14285714285714285
DUC	NN	1.0
2001	CD	1.0
2002	CD	1.0
workshops	NNS	1.0
TNO	NN	1.0
naive	JJ	1.0
Bayes	NNP	0.6666666666666666
salience	NN	1.0
exhibited	VBD	1.0
wanted	VBD	1.0
explore	VB	1.0
effectiveness	NN	1.0
maximum	NN	0.6666666666666666
entropy	NN	1.0
ME	NN	1.0
meeting	NN	1.0
against	IN	1.0
dependencies	NNS	1.0
successfully	RB	1.0
broadcast	NN	1.0
Aided	VBN	1.0
Machine	NNP	0.3333333333333333
adapted	VBN	1.0
help	VB	0.5555555555555556
Apart	RB	1.0
Fully	RB	1.0
Summarizers	NNP	1.0
FAS	NNP	1.0
aid	NN	0.25
MAHS	NN	1.0
Human	NNP	0.2
Summarization	NNP	0.25
highlighting	VBG	1.0
candidate	NN	1.0
passages	NNS	1.0
depend	VBP	0.6666666666666666
HAMS	NN	1.0
Human	JJ	0.8
ongoing	JJ	1.0
fall	VBP	0.75
inter-texual	JJ	1.0
intra-texual	JJ	1.0
tests	VBZ	0.5
affects	VBZ	1.0
completion	NN	1.0
evaluations	NNS	1.0
assessed	VBN	1.0
coherence	NN	1.0
informativeness	NN	1.0
tested	VBN	1.0
impact	NN	1.0
assessment	NN	1.0
reading	NN	0.5
Intra-texual	JJ	1.0
assess	VBP	0.3333333333333333
focus	VBP	0.14285714285714285
contrastive	JJ	1.0
outputs	NNS	1.0
judgement	NN	1.0
wide	JJ	1.0
variance	NN	1.0
both	CC	0.3548387096774194
labor	NN	1.0
intensive	JJ	1.0
read	VB	0.2857142857142857
concerning	VBG	1.0
annual	JJ	1.0
Conferences	NNS	1.0
submit	VBP	0.5
metric	JJ	0.3333333333333333
calculates	VBZ	1.0
n-gram	NN	0.5
overlaps	VBZ	1.0
previously-written	JJ	1.0
overlap	VB	0.25
indicate	VB	0.6666666666666666
shared	JJ	0.5
Note	NN	0.1111111111111111
feedback	NN	1.0
Anaphor	NNP	1.0
Evaluating	VBG	1.0
impossibility	NN	1.0
building	VBG	1.0
fair	JJ	1.0
gold-standard	NN	1.0
approximation	NN	1.0
human-made	JJ	1.0
selection	NN	1.0
deterministic	JJ	1.0
chose	VBD	1.0
evidence	NN	1.0
Besides	IN	1.0
variability	NN	1.0
paraphrase	NN	1.0
paraphrases	NNS	1.0
ParaEval	NN	1.0
Moreover	RB	1.0
copying	VBG	1.0
cut	VB	1.0
paste	VB	1.0
rephrase	VBP	1.0
join	VBP	1.0
qualitatively	RB	1.0
drawback	NN	1.0
Much	JJ	0.6666666666666666
presented	VBN	1.0
Section	NN	1.0
comparison	NN	1.0
manual	JJ	0.5
SCU	NNP	1.0
Pyramid	NN	1.0
Method	NN	1.0
think	VBP	0.6666666666666666
qualitative	JJ	1.0
Therefore	RB	1.0
aim	NN	1.0
suggest	VB	0.3333333333333333
novel	JJ	1.0
proposal	NN	1.0
Our	PRP$	1.0
studied	VBN	1.0
deeply	RB	1.0
future	NN	0.6666666666666666
Its	PRP$	1.0
underlying	JJ	0.6666666666666666
define	VB	1.0
check	VB	1.0
tackles	VBZ	1.0
anymore	RB	1.0
taking	VBG	1.0
consideration	NN	1.0
Generation	NN	1.0
NLG	NN	0.6190476190476191
Psycholinguists	NNS	1.0
interpreted	VBN	1.0
mental	JJ	1.0
one	PRP	0.046153846153846156
converts	VBZ	1.0
compiler	NN	1.0
inherent	JJ	1.0
expressivity	NN	1.0
put	VBN	0.5
understanding	VBG	0.12121212121212122
disambiguate	VB	1.0
NLG	NNP	0.38095238095238093
concept	NN	1.0
simplest	JJS	1.0
generate	VBP	0.2222222222222222
involve	VB	0.16666666666666666
consumer	NN	1.0
stating	VBG	1.0
credit	NN	1.0
card	NN	1.0
spending	NN	1.0
reached	VBN	0.5
More	RBR	0.8888888888888888
dynamically	RB	1.0
areas	NNS	1.0
analyzing	VBG	0.8
human-written	JJ	1.0
fast-evolving	JJ	1.0
up-to-date	JJ	1.0
SIGGEN	NNP	1.0
portion	NN	1.0
ACL	NN	1.0
Anthology	NN	1.0
Perhaps	RB	1.0
specialist	NN	1.0
textbook	NN	1.0
Reiter	NNP	1.0
Dale	NNP	1.0
2000	CD	1.0
describe	VB	0.5
numbers	NNS	1.0
give	VBP	0.25
predicted	VBN	1.0
pollen	NN	1.0
Scotland	NNP	1.0
From	IN	1.0
generates	VBZ	1.0
historical	JJ	1.0
1-July-2005	NN	1.0
Grass	NN	1.0
Friday	NNP	1.0
moderate	JJ	1.0
yesterday	NN	1.0
6	CD	1.0
7	CD	1.0
country	NN	1.0
Northern	JJ	0.3333333333333333
4	CD	1.0
forecast	NN	1.0
meteorologist	NN	1.0
Pollen	NNP	1.0
counts	NNS	1.0
remain	VB	1.0
south	RB	1.0
east	JJ	1.0
relief	NN	1.0
Northern	NNP	0.6666666666666666
Isles	NNPS	1.0
northeast	JJ	1.0
mainland	NN	0.5
medium	NN	1.0
Comparing	VBG	1.0
illustrates	VBZ	1.0
further	RB	0.25
Stages	NNS	1.0
keeping	VBG	1.0
canned	JJ	1.0
copied	VBN	1.0
pasted	VBN	1.0
glue	NN	1.0
satisfactory	JJ	1.0
horoscope	NN	1.0
machines	NNS	1.0
generators	NNS	1.0
personalised	JJ	1.0
sophisticated	JJ	1.0
stages	NNS	1.0
planning	VBG	1.0
merging	VBG	1.0
enable	VB	1.0
repetitive	JJ	1.0
Content	JJ	1.0
determination	NN	1.0
Deciding	VBG	1.0
structuring	VBG	1.0
Overall	JJ	1.0
Aggregation	NN	1.0
Merging	VBG	1.0
readability	NN	1.0
naturalness	NN	1.0
Lexical	JJ	1.0
Putting	VBG	1.0
Referring	VBG	1.0
Creating	VBG	1.0
expressions	NNS	1.0
mainland	JJ	0.5
refer	VB	0.5
region	NN	1.0
anaphora	NN	1.0
Realisation	NN	1.0
tense	JJ	1.0
Applications	NNS	1.0
interested	JJ	1.0
jokes	NNS	1.0
humor	NN	1.0
commercial	JJ	0.9090909090909091
data-to-text	JJ	1.0
built	VBN	0.6666666666666666
forecasts	NNS	1.0
deployed	VBN	1.0
FoG	NN	1.0
Environment	NNP	1.0
1990s	NNS	0.3333333333333333
triggered	VBD	1.0
commercial	NN	0.09090909090909091
preferred	VBN	1.0
computer-generated	JJ	1.0
consistent	JJ	1.0
terminology	NN	1.0
high-quality	JJ	1.0
ARNS	NN	1.0
summarise	VB	1.0
US	NNP	1.0
ports	NNS	1.0
1990s	CD	0.6666666666666666
SPOTLIGHT	NN	1.0
A.C.	NNP	1.0
Nielsen	NNP	1.0
generated	VBD	0.06666666666666667
retail	JJ	1.0
sales	NNS	1.0
recently	RB	1.0
electronic	JJ	1.0
records	NNS	1.0
Commercial	JJ	1.0
starting	VBG	1.0
decision-support	JJ	1.0
aids	NNS	1.0
professionals	NNS	1.0
enhance	VB	1.0
accessibility	NN	1.0
graphs	NNS	1.0
blind	JJ	1.0
WYSIWYM	NNP	1.0
stands	VBZ	1.0
meant	VBD	0.5
continuously	RB	1.0
rendered	VBN	1.0
underlying	VBG	0.3333333333333333
thereby	RB	1.0
editing	NN	1.0
having	VBG	1.0
scientific	JJ	1.0
test	VB	0.2
modules	NNS	1.0
task-based	JJ	1.0
give	VB	0.75
assess	VB	0.6666666666666666
helps	VBZ	1.0
him	PRP	1.0
achieves	VBZ	1.0
giving	VBG	1.0
doctors	NNS	1.0
assessing	VBG	1.0
her	PRP	0.5
rate	VB	0.18181818181818182
usefulness	NN	1.0
ultimately	RB	1.0
know	VB	1.0
helping	VBG	1.0
carry	VB	1.0
subjects	NNS	1.0
specialised	JJ	0.5
expertise	NN	1.0
Hence	RB	1.0
exception	NN	1.0
norm	NN	1.0
started	VBN	0.5
human-ratings	NNS	1.0
predict	VBP	0.16666666666666666
Challenges	VBZ	1.0
shared-task	JJ	1.0
events	NNS	1.0
Initial	JJ	1.0
suggest	VBP	0.6666666666666666
task-effectiveness	NN	1.0
exceptions	NNS	1.0
hopefully	RB	1.0
widely	RB	1.0
subtopic	NN	1.0
disassembling	VBG	1.0
reverse	JJ	0.5
assembling	VBG	1.0
unknown	JJ	1.0
unexpected	JJ	1.0
schemes	NNS	1.0
factors	NNS	1.0
pre-determined	JJ	1.0
outputting	VBG	1.0
news-gathering	NN	1.0
categorization	NN	1.0
voice-activation	NN	1.0
archiving	NN	1.0
large-scale	JJ	1.0
content-analysis	NN	1.0
Eight	CD	1.0
McCarthy	NNP	1.0
coined	VBD	1.0
Bobrow	NNP	1.0
titled	VBN	1.0
Input	NNP	1.0
Computer	NNP	0.8333333333333334
Problem	NNP	1.0
System	NN	1.0
later	RB	0.8
1965	CD	1.0
MIT	NNP	1.0
carried	VBD	0.5
dialogue	NN	1.0
psychotherapy	NN	1.0
parsing	NN	0.6428571428571429
sidestepped	VBD	1.0
database	NN	1.0
rich	JJ	1.0
Yet	RB	1.0
gained	VBD	0.5
surprising	JJ	1.0
popularity	NN	1.0
toy	NN	1.0
precursor	NN	1.0
Ask.com	NN	1.0
1969	CD	1.0
Stanford	NNP	1.0
introduced	VBD	1.0
partially	RB	1.0
Sydney	NNP	1.0
Lamb	NNP	1.0
extensively	RB	1.0
Yale	NNP	1.0
Wendy	NNP	1.0
Kolodner	NNP	1.0
Woods	NNP	1.0
augmented	JJ	1.0
transition	NN	1.0
network	NN	1.0
ATN	NN	1.0
ATNs	NNS	1.0
finite	JJ	1.0
automata	NN	1.0
recursively	RB	1.0
format	NN	1.0
generalized	JJ	1.0
continued	VBD	0.4444444444444444
1971	CD	1.0
Terry	NNP	1.0
Winograd	NNP	1.0
finished	VBD	0.5
PhD	NN	1.0
thesis	NN	1.0
children	NNS	1.0
direct	VB	0.16666666666666666
robotic	JJ	1.0
arm	NN	1.0
move	VB	1.0
momentum	NN	1.0
continued	JJ	0.3333333333333333
influence	NN	1.0
Process	NN	1.0
At	IN	1.0
adviser	NN	1.0
Larry	NNP	1.0
Page	NNP	1.0
co-founded	VBD	1.0
1970s	CD	0.3333333333333333
group	NN	1.0
SRI	NN	1.0
International	JJ	1.0
efforts	NNS	1.0
undertaken	VBN	1.0
Gary	NNP	1.0
Hendrix	NNP	1.0
formed	VBD	0.4
Symantec	NNP	1.0
Corporation	NNP	1.0
originally	RB	1.0
company	NN	1.0
developing	VBG	1.0
interface	NN	1.0
queries	NNS	1.0
personal	JJ	1.0
advent	NN	1.0
mouse	NN	1.0
driven	JJ	1.0
graphic	JJ	1.0
interfaces	NNS	1.0
changed	VBD	0.5
direction	NN	1.0
Artificial	NNP	0.5
Cognitive	NNP	0.3333333333333333
corp.	NNP	1.0
1983	CD	1.0
Dyer	NNP	1.0
BORIS	NNP	1.0
bore	VBD	1.0
similarities	NNS	1.0
W.	NNP	1.0
Lehnart	NNP	1.0
Scope	NN	1.0
umbrella	NN	1.0
ranging	VBG	1.0
relatively	RB	1.0
commands	NNS	1.0
issued	VBN	1.0
robots	NNS	1.0
endeavors	NNS	1.0
poetry	NN	1.0
extremes	NNS	1.0
emails	NNS	1.0
routing	VBG	1.0
department	NN	1.0
corporation	NN	1.0
depth	NN	1.0
management	NN	1.0
tables	NNS	1.0
fixed	JJ	1.0
schemata	NN	1.0
Throughout	IN	1.0
processing	VBG	0.07407407407407407
English-like	JJ	1.0
place	NN	0.5
varying	VBG	1.0
degrees	NNS	1.0
resulted	VBN	1.0
helped	VBN	0.3333333333333333
usability	NN	1.0
Wayne	NNP	1.0
Ratliff	NNP	1.0
Vulcan	NNP	1.0
mimic	VB	1.0
speaking	NN	0.375
Star	NNP	1.0
Trek	NNP	1.0
dBase	NN	1.0
easy-to-use	JJ	1.0
launched	VBD	1.0
industry	NN	1.0
easy	JJ	1.0
breadth	NN	1.0
aimed	VBN	0.5
implied	JJ	1.0
challenges	NNS	1.0
deal	VB	0.5
measured	VBN	1.0
sizes	NNS	1.0
approximates	VBZ	1.0
fluent	JJ	1.0
narrowest	JJS	1.0
shallowest	JJS	1.0
command	NN	1.0
interpreters	NNS	1.0
minimal	JJ	1.0
range	NN	0.8571428571428571
Narrow	JJ	1.0
mechanisms	NNS	1.0
limited	VBN	0.3
attempt	VBP	0.3333333333333333
contents	NNS	1.0
release	NN	1.0
keyword	JJ	1.0
suitability	NN	1.0
broader	JJR	1.0
somewhat	RB	1.0
broad	JJ	1.0
art	NN	1.0
Components	NNP	1.0
architecture	NN	1.0
Regardless	RB	1.0
components	NNS	1.0
break	VB	0.5
Wordnet	NNP	1.0
required	VBD	0.2857142857142857
person-years	NNS	1.0
interpretation	NN	1.0
Competing	VBG	1.0
trade	NN	1.0
offs	NNS	1.0
derive	VB	0.5
Advanced	NNP	1.0
incorporate	VB	1.0
mapping	VBG	1.0
assertions	NNS	1.0
in	FW	0.0018726591760299626
predicate	FW	1.0
deduction	NN	1.0
arrive	VB	1.0
conclusions	NNS	1.0
functional	JJ	1.0
Lisp	NN	1.0
hence	RB	1.0
subsystem	NN	1.0
oriented	JJ	1.0
Prolog	NNP	1.0
extension	NN	1.0
present	VB	0.16666666666666666
special	JJ	1.0
counter	JJ	1.0
weaknesses	NNS	1.0
abbreviated	VBD	1.0
OCR	NNP	0.4489795918367347
mechanical	JJ	1.0
scanned	VBN	0.6666666666666666
images	NNS	1.0
handwritten	JJ	1.0
typewritten	JJ	1.0
machine-encoded	JJ	1.0
receipts	NNS	1.0
mail	NN	1.0
crucial	JJ	1.0
computerization	NN	1.0
electronically	RB	1.0
searched	VBN	1.0
stored	VBN	1.0
compactly	RB	1.0
displayed	VBD	0.5
on-line	JJ	1.0
processes	NNS	1.0
text-to-speech	NN	0.25
vision	NN	1.0
Early	JJ	1.0
versions	NNS	1.0
programmed	VBN	1.0
font	NN	1.0
Intelligent	JJ	0.6666666666666666
fonts	NNS	1.0
capable	JJ	1.0
reproducing	VBG	1.0
formatted	JJ	1.0
scanned	JJ	0.3333333333333333
columns	NNS	1.0
non-textual	JJ	1.0
1914	CD	1.0
Goldberg	NNP	1.0
read	NN	0.2857142857142857
converted	VBD	1.0
telegraph	NN	1.0
code	NN	1.0
Around	IN	1.0
Edmund	NNP	1.0
Fournier	NNP	1.0
d'Albe	NN	1.0
Optophone	NNP	1.0
handheld	JJ	1.0
scanner	NN	1.0
moved	VBN	1.0
tones	NNS	1.0
corresponded	VBD	1.0
Later	RB	1.0
photographing	VBG	1.0
photocells	NNS	1.0
photos	NNS	1.0
template	NN	1.0
1929	CD	1.0
Gustav	NNP	1.0
Tauschek	NNP	0.5
obtained	VBD	0.2857142857142857
patent	NN	1.0
Handel	NNP	1.0
template-matching	JJ	1.0
USA	NNP	1.0
1933	CD	1.0
U.S.	NNP	1.0
Patent	NNP	1.0
1,915,993	CD	1.0
1935	CD	1.0
Tauschek	NN	0.5
granted	VBN	1.0
2,026,329	CD	1.0
RCA	NN	0.8
engineers	NNS	1.0
primitive	JJ	1.0
computer-type	JJ	1.0
Veterans	NNP	1.0
Administration	NNP	1.0
converting	VBG	1.0
device	NN	1.0
spoke	VBD	1.0
proved	VBD	1.0
pursued	VBN	1.0
Shepard	NNP	1.0
cryptanalyst	NN	1.0
Armed	NNP	1.0
Forces	NNP	1.0
Security	NNP	1.0
Agency	NNP	1.0
addressed	VBD	0.5
messages	NNS	1.0
built	VBD	0.3333333333333333
Gismo	NNP	1.0
received	VBD	0.5
Apparatus	NNP	1.0
Reading	NNP	0.5
1953	CD	1.0
2,663,758	CD	1.0
23	CD	1.0
alphabet	NN	1.0
comprehend	VBD	1.0
Morse	NNP	1.0
Code	NNP	1.0
read	VBD	0.2857142857142857
musical	JJ	1.0
aloud	RB	1.0
duplicate	VB	0.5
went	VBD	1.0
Intelligent	NNP	0.3333333333333333
Machines	NNP	1.0
IMR	NNP	1.0
Reader	NNP	1.0
Digest	NNP	1.0
punched	VBN	1.0
cards	NNS	1.0
magazine	NN	1.0
subscription	NN	1.0
shipment	NN	1.0
15-20	CD	1.0
million	CD	1.0
books	NNS	1.0
sold	VBN	0.6666666666666666
Standard	NNP	1.0
Oil	NNP	1.0
Company	NNP	1.0
imprints	NNS	1.0
billing	NN	1.0
1950s	NNS	0.25
included	VBD	0.375
bill	NN	1.0
stub	NN	1.0
Ohio	NNP	1.0
Bell	NNP	1.0
Telephone	NNP	1.0
Air	NNP	0.6666666666666666
Force	NNP	1.0
transmitting	VBG	1.0
teletype	NN	1.0
licensed	VBN	1.0
patents	NNS	1.0
RCA	NNP	0.2
collaborated	VBD	1.0
build	VB	0.3333333333333333
digitize	VB	1.0
serial	JJ	1.0
coupons	NNS	1.0
returned	VBD	0.25
advertisements	NNS	1.0
Drum	NN	1.0
printer	NN	1.0
OCR-A	NN	1.0
301	CD	1.0
solid	JJ	1.0
specialised	VBN	0.5
TWA	NNP	1.0
Airline	NNP	1.0
Ticket	NNP	1.0
stock	NN	1.0
readers	NNS	1.0
processed	VBD	0.16666666666666666
rate	NN	0.8181818181818182
1,500	CD	1.0
per	IN	1.0
minute	NN	1.0
checked	VBD	0.5
rejecting	VBG	1.0
correctly	RB	1.0
Turn	VB	1.0
Documents	NNS	1.0
insurance	NN	1.0
bills	NNS	1.0
payments	NNS	1.0
Postal	NNP	1.0
Service	NNP	1.0
sort	VB	0.3333333333333333
devised	VBN	1.0
prolific	JJ	1.0
inventor	NN	1.0
Jacob	NNP	1.0
Rabinow	NNP	1.0
British	JJ	0.3333333333333333
General	JJ	1.0
Post	NN	0.5
Office	NN	1.0
GPO	NN	1.0
banking	NN	1.0
National	NNP	1.0
Giro	NNP	1.0
revolutionized	VBD	1.0
payment	NN	1.0
UK	NNP	1.0
Post	NNP	0.5
read	VBP	0.14285714285714285
address	NN	0.75
addressee	NN	1.0
mechanized	JJ	1.0
sorting	NN	1.0
center	NN	1.0
print	VB	1.0
bar	NN	1.0
envelope	NN	1.0
postal	JJ	1.0
avoid	VB	1.0
confusion	NN	1.0
human-readable	JJ	1.0
located	JJ	1.0
anywhere	RB	1.0
ink	NN	1.0
orange	NN	1.0
visible	JJ	1.0
light	NN	1.0
clearly	RB	1.0
ultraviolet	JJ	1.0
Envelopes	NNS	1.0
Importance	NN	1.0
Blind	NNP	1.0
1974	CD	1.0
Ray	NNP	1.0
Kurzweil	NNP	1.0
started	VBD	0.5
Products	NNPS	1.0
Inc.	NNP	1.0
omni-font	JJ	1.0
recognize	VB	0.8888888888888888
virtually	RB	1.0
loud	RB	1.0
invention	NN	1.0
enabling	VBG	1.0
technologies	NNS	1.0
CCD	NNP	1.0
flatbed	JJ	1.0
synthesizer	NN	1.0
finished	JJ	0.5
unveiled	VBN	1.0
widely-reported	JJ	1.0
conference	NN	1.0
headed	VBN	1.0
leaders	NNS	1.0
Federation	NNP	1.0
selling	VBG	1.0
optical	JJ	1.0
LexisNexis	NNP	1.0
customers	NNS	1.0
bought	VBD	1.0
upload	VB	1.0
onto	IN	1.0
nascent	JJ	1.0
sold	VBD	0.3333333333333333
Xerox	NNP	1.0
commercializing	VBG	1.0
paper-to-computer	NN	1.0
eventually	RB	1.0
spun	VBD	1.0
off	RP	1.0
Scansoft	NNP	1.0
merged	VBD	1.0
Nuance	NNP	1.0
Communications	NNPS	0.5
Desktop	NNP	1.0
Server	NN	1.0
Software	NNP	1.0
ICR	NN	1.0
consider	VBP	0.5
Based	VBN	1.0
sequential	JJ	1.0
lines	NNS	1.0
curves	NNS	1.0
guesses	NNS	1.0
look-up	JJ	1.0
associate	VB	0.5
strings	NNS	1.0
form	VBP	0.05
WebOCR	NNP	0.5
OnlineOCR	NNP	0.3333333333333333
With	NNP	0.14285714285714285
IT	NNP	1.0
platform	NN	1.0
changed	VBN	0.5
PC	NN	0.5
multi-platforms	NNS	1.0
Web-based	JJ	1.0
Cloud	NNP	1.0
Mobile	NNP	1.0
devices	NNS	1.0
30	CD	1.0
adapt	VB	1.0
requirements	NNS	1.0
WebOCR	NN	0.5
OnlineOCR	NN	0.6666666666666666
trend	NN	1.0
desktop	NN	1.0
Internet	NN	0.5
broadband	NN	1.0
practically	RB	1.0
enterprise	NN	1.0
vendors	NNS	1.0
offering	VBG	1.0
entrants	NNS	1.0
seize	VB	1.0
opportunity	NN	1.0
innovative	JJ	1.0
free	JJ	1.0
charge	NN	1.0
services	NNS	1.0
Application-Oriented	JJ	1.0
paper-intensive	JJ	1.0
facing	VBG	1.0
environment	NN	1.0
backgrounds	NNS	1.0
degraded-images	NNS	1.0
heavy-noise	NN	1.0
skew	VB	1.0
picture	NN	1.0
distortion	NN	1.0
low-resolution	NN	1.0
disturbed	VBN	1.0
grid	NN	1.0
symbols	NNS	1.0
glossary	JJ	0.5
All	PDT	1.0
affect	VBP	0.3333333333333333
products	NNS	1.0
stability	NN	1.0
providers	NNS	1.0
dedicated	JJ	0.3333333333333333
combine	VBP	0.6666666666666666
optimization	NN	1.0
glossary	NN	0.5
contained	VBN	1.0
color	NN	1.0
Customized	JJ	1.0
Business-card	JJ	1.0
Invoice	NNP	1.0
Screenshot	NNP	1.0
ID	NNP	1.0
Driver-license	JJ	1.0
Auto	NN	1.0
plant	NN	1.0
See	NNP	0.5
List	NN	1.0
citations	NNS	1.0
verification	NN	1.0
sources	NNS	1.0
Unsourced	JJ	1.0
material	NN	1.0
challenged	VBN	1.0
removed	VBN	1.0
Commissioned	VBN	1.0
Department	NNP	1.0
Energy	NNP	1.0
DOE	NNP	1.0
Science	NNP	0.5
Institute	NNP	1.0
ISRI	NNP	1.0
mission	NN	1.0
foster	VB	1.0
conducted	VBD	0.2
authoritative	JJ	1.0
Annual	JJ	1.0
Test	NN	1.0
Accuracy	NNP	0.14285714285714285
5	CD	1.0
consecutive	JJ	1.0
mid-90s	NNS	1.0
Recognition	NN	1.0
Latin-script	JJ	1.0
100	CD	1.0
imaging	NN	1.0
19th	JJ	1.0
20th-century	JJ	1.0
concluded	VBD	0.5
character-by-character	NN	1.0
varied	VBD	1.0
71	CD	1.0
98	CD	1.0
review	NN	1.0
printing	NN	1.0
cursive	JJ	1.0
handwriting	NN	1.0
printed	VBD	0.08333333333333333
East	JJ	1.0
Asian	JJ	1.0
strokes	NNS	1.0
active	JJ	1.0
rates	NNS	1.0
affect	VB	0.3333333333333333
reported	VBN	0.6
basically	RB	1.0
correct	VB	0.06666666666666667
non-existent	JJ	1.0
99	CD	1.0
result	VB	0.09090909090909091
95	CD	1.0
worse	JJR	1.0
measurement	NN	1.0
recognized	VBN	0.8333333333333334
incorrect	JJ	1.0
On-line	JJ	1.0
Character	NNP	0.5
Handwriting	NN	1.0
off-line	JJ	1.0
recognizes	VBZ	1.0
static	JJ	1.0
shape	NN	1.0
motion	NN	1.0
Penpoint	JJ	1.0
OS	NN	1.0
Tablet	NNP	1.0
PC	NNP	0.5
tell	VB	0.6666666666666666
horizontal	JJ	1.0
mark	NN	0.3333333333333333
drawn	VBN	1.0
right-to-left	JJ	1.0
left-to-right	JJ	1.0
Character	NN	0.5
hand-printed	JJ	1.0
fly	NN	1.0
become	VBN	0.25
Among	IN	1.0
assistants	NNS	1.0
Palm	NNP	1.0
Apple	NNP	1.0
Newton	NNP	1.0
retrained	VBN	1.0
shapes	NNS	1.0
scans	VBZ	1.0
largely	RB	1.0
80	CD	1.0
neat	JJ	1.0
clean	JJ	0.5
translates	VBZ	1.0
dozens	NNS	1.0
lower	JJR	0.8
Higher	JJR	1.0
script	NN	1.0
contextual	JJ	1.0
parse	VB	0.4444444444444444
Reading	VBG	0.5
Amount	NNP	1.0
cheque	NN	1.0
written-out	JJ	1.0
smaller	JJR	1.0
increase	VB	0.25
themselves	PRP	1.0
recognize	VBP	0.1111111111111111
scanning	NN	1.0
Due	JJ	1.0
solution	NN	1.0
unique	JJ	1.0
patented	JJ	1.0
intelligent	JJ	1.0
neural	JJ	1.0
indifferent	JJ	1.0
affine	NN	1.0
non-linear	JJ	1.0
amenable	JJ	1.0
submit	VB	0.5
reCAPTCHA	NN	1.0
POST	NN	1.0
called	VBD	0.16666666666666666
word-category	JJ	1.0
simplified	VBN	0.5
taught	VBN	0.3333333333333333
school-age	JJ	1.0
verbs	NNS	1.0
adverbs	NNS	1.0
associate	VBP	0.5
hidden	JJ	0.875
accordance	NN	1.0
POS-tagging	JJ	1.0
distinctive	JJ	1.0
Brill	NNP	1.0
POS-taggers	NNS	1.0
employs	VBZ	1.0
opposed	VBN	1.0
percentage	NN	1.0
word-forms	NNS	1.0
dogs	NNS	0.7142857142857143
thought	VBN	0.6666666666666666
sailor	NN	1.0
dogs	VBZ	0.2857142857142857
barmaid	NN	1.0
Performing	VBG	1.0
!	.	1.0
→	CD	0.6666666666666666
extrapolate	VB	1.0
implicate	VB	1.0
nautical	JJ	1.0
→	FW	0.3333333333333333
<verb>	FW	1.0
←	FW	1.0
2	LS	0.2
object	NN	1.0
fastens	NNS	1.0
watertight	JJ	1.0
securely	RB	1.0
dog	NN	1.0
Dogged	VBN	1.0
past-tense	JJ	1.0
Just	RB	1.0
varies	VBZ	1.0
Trained	VBN	1.0
fine	JJ	0.5
Schools	NNS	1.0
teach	VBP	1.0
9	CD	1.0
preposition	NN	1.0
pronoun	NN	1.0
adverb	NN	1.0
conjunction	NN	1.0
interjection	NN	1.0
categories	NNS	1.0
sub-categories	NNS	1.0
possessive	JJ	1.0
singular	JJ	1.0
distinguished	VBN	1.0
marked	JJ	0.6666666666666666
gender	NN	1.0
aspect	NN	1.0
50	CD	1.0
150	CD	1.0
NN	NNP	1.0
NNS	NN	1.0
NP	NN	1.0
Work	NN	1.0
tagging	VBG	0.12
Koine	JJ	1.0
Greek	JJ	1.0
DeRose	NN	0.2
1990	CD	1.0
1,000	CD	1.0
morphosyntactic	JJ	1.0
descriptor	NN	1.0
morphologically	RB	1.0
expressed	VBN	1.0
Ncmsan	NNP	1.0
Category	NN	1.0
Noun	NN	1.0
Type	NN	1.0
Gender	NN	1.0
masculine	JJ	1.0
Number	NN	1.0
Case	NN	1.0
accusative	JJ	1.0
Animate	JJ	1.0
no.	NN	1.0
History	NN	1.0
tied	VBN	1.0
Kucera	NNP	1.0
Nelson	NNP	1.0
Francis	NNP	1.0
mid-1960s	NNS	1.0
1,000,000	CD	1.0
prose	NN	1.0
made	VBD	0.125
samples	NNS	1.0
randomly	RB	1.0
publications	NNS	1.0
2,000	CD	1.0
ending	VBG	1.0
sentence-end	NN	1.0
complete	JJ	1.0
painstakingly	RB	1.0
tagged	VBN	1.0
markers	NNS	1.0
Greene	NNP	1.0
Rubin	NNP	1.0
consisted	VBD	1.0
huge	JJ	1.0
handmade	JJ	1.0
occur	VB	0.2
arguably	RB	1.0
got	VBD	1.0
about	RB	0.025
repeatedly	RB	1.0
reviewed	VBN	1.0
corrected	VBN	1.0
later	JJ	0.2
sent	VBN	1.0
errata	NNS	1.0
70s	NNS	1.0
nearly	RB	1.0
perfect	JJ	1.0
agree	VB	0.6666666666666666
innumerable	JJ	1.0
word-frequency	NN	1.0
part-of-speech	NN	0.06666666666666667
inspired	VBD	1.0
CLAWS	NNS	0.5
VOLSUNGA	NN	1.0
2005	CD	1.0
superseded	VBN	1.0
British	NNP	0.6666666666666666
inseparable	JJ	1.0
decided	VBN	0.3333333333333333
possibilities	NNS	1.0
Use	NN	1.0
Hidden	NNP	1.0
Models	NNS	1.0
mid	JJ	1.0
HMMs	NNS	1.0
Lancaster-Oslo-Bergen	NNP	1.0
counting	NN	1.0
once	RB	1.0
've	VBP	1.0
40	CD	1.0
adjective	JJ	0.2857142857142857
20	CD	1.0
Knowing	VBG	1.0
can	NN	0.016574585635359115
modal	NN	1.0
course	NN	1.0
benefit	VB	1.0
pairs	NNS	1.0
triples	NNS	1.0
item	NN	1.0
occur	VBP	0.8
multiply	VBP	1.0
enumerate	VB	1.0
every	DT	1.0
multiplying	VBG	1.0
European	JJ	0.3333333333333333
CLAWS	NNP	0.5
did	VBD	1.0
achieved	VBD	0.2
93-95	CD	1.0
remembering	VBG	1.0
Eugene	NNP	1.0
Charniak	NNP	1.0
points	VBZ	0.5
assigning	VBG	1.0
unknowns	NNS	1.0
approach	VB	0.02857142857142857
unambiguous	JJ	1.0
HMM-based	JJ	1.0
enumerated	VBD	1.0
resort	VB	1.0
backup	JJ	1.0
17	CD	1.0
row	NN	1.0
underlie	VBP	1.0
functioning	NN	0.3333333333333333
bi-directional	JJ	1.0
Dynamic	NNP	1.0
Programming	NNP	0.3333333333333333
Steven	NNP	1.0
DeRose	NNP	0.8
Ken	NNP	1.0
Church	NNP	1.0
independently	RB	1.0
programming	NN	1.0
vastly	RB	1.0
Their	PRP$	1.0
Viterbi	NNP	1.0
estimating	VBG	1.0
nonexistent	JJ	1.0
triple	JJ	1.0
Both	DT	0.6666666666666666
replicated	VBD	1.0
similarly	RB	1.0
findings	NNS	1.0
disruptive	JJ	1.0
reported	VBD	0.4
integrated	VBD	0.3333333333333333
negligibly	RB	1.0
convinced	VBD	1.0
usefully	RB	1.0
simplified	VBD	0.5
practice	NN	1.0
computerized	JJ	1.0
encouraged	JJ	1.0
pieces	NNS	1.0
assignment	NN	1.0
bootstrap	VB	1.0
untagged	JJ	1.0
tagset	NN	1.0
That	DT	1.0
observe	VBP	1.0
derive	VBP	0.5
reveal	VBP	1.0
eat	VB	1.0
occurs	VBZ	1.0
iteration	NN	1.0
emerge	VBP	1.0
remarkably	RB	1.0
expect	VB	0.6666666666666666
valuable	JJ	1.0
insights	NNS	1.0
subdivided	VBN	1.0
Tagger	NNP	1.0
Constraint	NNP	1.0
Grammar	NNP	1.0
Baum-Welch	JJ	1.0
forward-backward	JJ	1.0
unusual	JJ	1.0
learns	VBZ	1.0
optimizing	VBG	1.0
quantity	NN	1.0
SVM	NNP	1.0
Perceptron	NNP	1.0
Nearest-neighbor	NN	1.0
tried	VBN	0.6666666666666666
achieve	VB	1.0
set	VBN	0.02564102564102564
comparable	JJ	1.0
reconfiguring	VBG	1.0
dataset	NN	1.0
assumed	VBN	1.0
nor	CC	1.0
Issues	NNS	1.0
settle	VB	1.0
fire	NN	1.0
functioning	VBG	0.6666666666666666
big	JJ	1.0
green	JJ	1.0
truck	NN	1.0
A	NN	0.02
use\/mention	NN	1.0
blue	JJ	1.0
appends	VBZ	1.0
suffix	NN	1.0
NC	NN	1.0
foreign	JJ	1.0
playing	VBG	1.0
map	VB	0.5
gonna	NNS	1.0
n't	RB	1.0
vice	RB	1.0
versa	RB	1.0
first-cut	JJ	1.0
pre	JJ	1.0
post-secondary	JJ	1.0
look	NN	0.4
up	IN	0.13636363636363635
function	VBP	0.125
verbal	JJ	1.0
coming	VBG	1.0
break	VBP	0.5
hyphenated	JJ	1.0
contractions	NNS	1.0
possessives	NNS	1.0
avoiding	VBG	1.0
unclear	JJ	1.0
treat	VB	1.0
simply	JJ	0.08333333333333333
LOB	NNP	1.0
complicating	VBG	1.0
POS	NNP	0.07692307692307693
earlier	JJR	0.5
though	RB	0.1
Eagles	NNPS	1.0
Guidelines	NNS	1.0
Tags	NNS	1.0
overt	JJ	1.0
heavily	RB	1.0
inflected	VBN	0.5
Latin	NNP	0.5
agglutinative	JJ	1.0
Inuit	NNP	1.0
Petrov	NNP	1.0
Das	NNP	1.0
McDonald	NNP	1.0
Universal	NNP	1.0
Part-of-Speech	NNP	1.0
Tagset	NNP	1.0
http:\/\/arxiv.org\/abs\/1104.2086	NN	1.0
subtypes	NNS	1.0
infinitive	JJ	1.0
marker	NN	1.0
vs.	NN	0.25
Whether	IN	0.5
preferable	JJ	1.0
tag-sets	NNS	1.0
Beatrice	NNP	1.0
Santorini	NNP	1.0
gives	VBZ	1.0
Tagging	NN	1.0
Project	NNP	1.0
3rd	JJ	1.0
rev	NN	1.0
June	NNP	1.0
p.	NN	1.0
32	CD	1.0
entertaining	JJ	0.5
evident	JJ	1.0
Duchess	NNP	1.0
entertaining	VBG	0.5
night	NN	1.0
formally	RB	1.0
sequence	NN	1.0
given	JJ	0.041666666666666664
Parsing	NN	0.4
discussing	VBG	1.0
garden	NN	1.0
path	NN	1.0
diagramming	VBG	1.0
inflected	JJ	0.5
Romance	NN	1.0
Latin	JJ	0.5
pars	NNS	1.0
ōrātiōnis	NNS	1.0
refers	VBZ	1.0
beings	NNS	1.0
analyze	VBP	0.5
constituents	NNS	1.0
cues	NNS	1.0
help	VBP	0.1111111111111111
garden-path	NN	1.0
analyser	NN	1.0
Parsers	NNS	1.0
semi	JJ	1.0
parsed	VBN	1.0
usage	NN	1.0
amongst	IN	1.0
unlimited	JJ	1.0
germane	JJ	1.0
So	IN	0.3333333333333333
utterance	NN	1.0
Man	NN	1.0
bites	VBZ	1.0
versus	CC	1.0
Dog	NN	1.0
man	NN	1.0
definite	JJ	1.0
detail	NN	1.0
reliance	NN	1.0
indeed	RB	1.0
concern	NN	1.0
prepare	VB	1.0
behavior	NN	1.0
affected	VBN	1.0
NP-complete	JJ	1.0
Head-driven	JJ	1.0
formalism	NN	1.0
community	NN	1.0
formalisms	NNS	1.0
controversy	NN	1.0
Most	JJS	1.0
partly	RB	1.0
gather	VB	1.0
frequency	NN	1.0
constructions	NNS	1.0
See	VB	0.5
Approaches	NNS	0.6666666666666666
straightforward	JJ	1.0
PCFGs	NNS	1.0
context-free	JJ	1.0
nets	NNS	1.0
identities	NNS	1.0
vulnerable	JJ	1.0
overfitting	VB	0.5
smoothing	NN	1.0
earlier	RBR	0.5
computationally	RB	1.0
pass	NN	1.0
Algorithms	NNS	1.0
variant	NN	1.0
CKY	NNP	1.0
prune	VB	1.0
away	RB	1.0
unlikely	JJ	1.0
save	VB	1.0
chart	NN	1.0
linear-time	JJ	1.0
shift-reduce	JJ	1.0
parse	JJ	0.1111111111111111
reranking	NN	1.0
proposes	VBZ	1.0
option	NN	1.0
Programming	NN	0.6666666666666666
interpreter	NN	1.0
parses	VBZ	0.5
tend	VBP	0.5
specified	VBN	1.0
fast	JJ	1.0
Context-free	JJ	1.0
Informally	RB	1.0
reason	NN	1.0
remember	VB	1.0
presence	NN	1.0
construct	NN	0.3333333333333333
arbitrarily	RB	1.0
referenced	VBN	1.0
powerful	JJ	1.0
constraint	NN	1.0
efficiently	RB	1.0
relaxed	VBN	1.0
accepts	VBZ	1.0
superset	NN	1.0
constructs	NNS	1.0
invalid	JJ	1.0
unwanted	JJ	1.0
Flow	NN	1.0
demonstrates	VBZ	1.0
token	JJ	1.0
split	VBN	0.5
regular	JJ	1.0
calculator	NN	1.0
\*	NN	1.0
3	CD	1.0
+4	NN	1.0
^	NN	0.6666666666666666
split	VBD	0.25
arithmetic	NN	1.0
lexer	NN	1.0
^	CD	0.3333333333333333
mark	VBP	0.3333333333333333
meaningless	JJ	1.0
checking	VBG	1.0
defining	VBG	1.0
validity	NN	1.0
declaration	NN	1.0
identifiers	NNS	1.0
attribute	NN	1.0
phase	NN	1.0
implications	NNS	1.0
validated	VBN	1.0
Attribute	JJ	1.0
actions	NNS	1.0
Top-down	JJ	1.0
left-most	JJ	1.0
derivations	NNS	1.0
input-stream	NN	1.0
top-down	JJ	1.0
Tokens	NNS	1.0
consumed	VBN	1.0
Inclusive	JJ	1.0
accommodate	VB	0.8
expanding	VBG	1.0
right-hand-sides	NNS	1.0
Bottom-up	JJ	1.0
start	VB	0.42857142857142855
rewrite	VB	1.0
Intuitively	RB	1.0
attempts	VBZ	0.5
locate	VB	1.0
elements	NNS	1.0
LR	NN	1.0
bottom-up	JJ	1.0
Shift-Reduce	NNP	1.0
LL	NN	1.0
recursive-descent	JJ	1.0
left	JJ	0.3333333333333333
recursive	JJ	1.0
productions	NNS	1.0
believed	VBN	1.0
indirect	JJ	1.0
left-recursion	NN	1.0
exponential	JJ	1.0
space	NN	1.0
Frost	NNP	1.0
Hafiz	NNP	1.0
Callaghan	NNP	1.0
accommodate	VBP	0.2
left	VBD	0.16666666666666666
recursion	NN	1.0
polynomial	JJ	1.0
polynomial-size	JJ	1.0
right-most	JJ	1.0
CFG	NN	1.0
leftmost	JJ	1.0
derivation	NN	1.0
rightmost	JJ	1.0
reverse	NN	0.5
QA	NN	0.7142857142857143
answering	VBG	0.5
posed	VBN	1.0
QA	NNP	0.2857142857142857
pre-structured	JJ	1.0
hypothetical	JJ	1.0
semantically	RB	1.0
constrained	VBN	1.0
cross-lingual	JJ	1.0
Search	NN	1.0
collections	NNS	1.0
vary	VBP	0.6666666666666666
compiled	VBN	1.0
newswire	NN	1.0
Closed-domain	JJ	1.0
medicine	NN	1.0
automotive	JJ	1.0
maintenance	NN	1.0
exploit	VB	1.0
frequently	RB	1.0
formalized	VBN	1.0
Alternatively	RB	1.0
closed-domain	NN	1.0
situation	NN	1.0
accepted	VBN	1.0
asking	VBG	1.0
procedural	JJ	1.0
Open-domain	JJ	1.0
anything	NN	1.0
combine	VB	0.3333333333333333
Current	NNP	0.2
module	NN	1.0
gradually	RB	1.0
Subsequently	RB	1.0
filter	NN	1.0
preselects	VBZ	1.0
fragments	NNS	1.0
Who	WP	1.0
invented	VBD	0.5
Penicillin	NNP	1.0
returns	NNS	1.0
Finally	RB	1.0
clues	NNS	1.0
answer	VB	0.16666666666666666
dependent	JJ	1.0
little	RB	0.3333333333333333
lend	VBP	1.0
unless	IN	1.0
orthogonal	JJ	1.0
massive	JJ	1.0
nuggets	NNS	1.0
phrased	VBN	1.0
differing	VBG	1.0
benefits	NNS	1.0
By	IN	1.0
burden	NN	1.0
lessened	VBN	1.0
Correct	JJ	1.0
false	JJ	1.0
positives	NNS	1.0
relying	VBG	1.0
roadmap	NN	1.0
Different	JJ	0.5
Lichtenstein	NNP	1.0
rainbow	NN	1.0
Did	VBD	1.0
Marilyn	NNP	1.0
Monroe	NNP	1.0
Cary	NNP	1.0
Grant	NNP	1.0
ever	RB	1.0
movie	NN	1.0
arranged	VBN	1.0
hierarchically	RB	1.0
taxonomies	NNS	1.0
request	NN	1.0
interrogative	JJ	1.0
president	NN	1.0
assertive	JJ	1.0
Tell	VB	1.0
me	PRP	1.0
simpler	JJR	1.0
clarification	NN	1.0
Context	NN	1.0
Questions	NNS	1.0
asked	VBN	1.0
provided	VBN	0.6
clarify	VB	1.0
resolve	NN	0.25
track	NN	1.0
investigation	NN	1.0
Joe	NNP	1.0
Biden	NNP	1.0
visit	NN	1.0
Iraq	NNP	1.0
Vice	NNP	1.0
visited	VBD	1.0
Obama	NNP	1.0
Afghanistan	NNP	1.0
hoping	VBG	1.0
accomplish	VB	1.0
shed	VB	1.0
questioner	NN	1.0
intent	NN	1.0
Data	NN	1.0
answered	VBN	0.4
Answer	NN	1.0
focus	NN	0.42857142857142855
formulation	NN	1.0
indicates	VBZ	1.0
shop	NN	1.0
disease	NN	1.0
monetary	JJ	1.0
value	NN	1.0
distance	NN	1.0
date	NN	1.0
day	NN	1.0
Christmas	NNP	1.0
fall	VB	0.25
datum	NN	1.0
presentation	NN	1.0
fusion	NN	1.0
partial	JJ	1.0
Q&A	NNP	1.0
seconds	NNS	1.0
multitude	NN	1.0
Multilingual	JJ	1.0
consult	VB	1.0
Interactive	JJ	1.0
captured	VBN	1.0
classify	VB	1.0
retrieved	VBN	1.0
reformulate	VB	1.0
More	JJR	0.1111111111111111
questioners	NNS	1.0
expect	VBP	0.3333333333333333
outside	IN	0.5
structured	JJ	0.5
upgrade	VB	1.0
integrate	VB	1.0
operating	VBG	0.5
bases	NNS	1.0
encoding	VBG	1.0
common-sense	JJ	1.0
User	NN	1.0
profiling	NN	1.0
profile	NN	1.0
captures	VBZ	1.0
ground	NN	1.0
established	VBN	1.0
dialogues	NNS	1.0
forth	RB	1.0
represented	VBN	0.8333333333333334
predefined	JJ	1.0
slot	NN	1.0
represents	VBZ	1.0
Profile	NN	1.0
templates	NNS	1.0
nested	JJ	1.0
BASEBALL	NNP	0.5
LUNAR	NNP	0.3333333333333333
BASEBALL	NN	0.5
answered	VBD	0.6
baseball	NN	1.0
league	NN	1.0
period	NN	1.0
LUNAR	NN	0.6666666666666666
geological	JJ	1.0
rocks	NNS	1.0
Apollo	NNP	1.0
moon	NN	1.0
missions	NNS	1.0
chosen	JJ	0.4
demonstrated	VBN	1.0
lunar	JJ	1.0
convention	NN	1.0
untrained	JJ	1.0
Further	JJ	1.0
restricted-domain	JJ	1.0
core	NN	1.0
experts	NNS	1.0
AI	NNP	0.3333333333333333
question-answering	JJ	0.5
abilities	NNS	1.0
SHRDLU	NN	0.16666666666666666
simulated	JJ	1.0
robot	NN	1.0
blocks	VBZ	0.25
offered	VBD	1.0
Again	RB	1.0
strength	NN	1.0
physics	NNS	1.0
encode	VB	1.0
psychologist	NN	1.0
converse	VB	1.0
resorting	VBG	1.0
detected	VBD	0.5
led	VBD	0.6666666666666666
participate	VBP	1.0
Loebner	NNP	1.0
prize	NN	1.0
saw	VBD	1.0
ambitious	JJ	1.0
projects	NNS	1.0
Unix	NNP	1.0
Consultant	NN	1.0
UC	NN	1.0
pertaining	VBG	1.0
operating	NN	0.5
aimed	VBD	0.5
phrasing	NN	1.0
LILOG	NNP	0.5
text-understanding	JJ	1.0
operated	VBD	0.5
tourism	NN	1.0
city	NN	1.0
LILOG	NN	0.5
past	IN	0.3333333333333333
demonstrations	NNS	1.0
helped	VBD	0.6666666666666666
mostly	RB	1.0
returning	VBG	1.0
excerpt	NN	1.0
probable	JJ	1.0
highlighted	VBD	1.0
plus	CC	1.0
highly-specialized	JJ	1.0
question-answering	NN	0.5
EAGLi	NNS	1.0
health	NN	1.0
scientists	NNS	1.0
Future	NNP	0.5
Question	NNP	0.14285714285714285
Answering	NNP	1.0
extended	VBN	1.0
temporal	JJ	1.0
geospatial	JJ	1.0
definitional	JJ	1.0
biographical	JJ	1.0
audio	NN	1.0
imagery	NN	1.0
video	NN	1.0
Additional	JJ	1.0
interactivity	NN	1.0
reuse	NN	1.0
explored	VBN	0.5
Future	JJ	0.5
kinds	NNS	1.0
sentiment	NN	1.0
detection	NN	1.0
artifacts	NNS	1.0
XML	NN	1.0
additionally	RB	1.0
removal	NN	1.0
visual	JJ	1.0
parametric	JJ	1.0
listed	VBN	1.0
shift	NN	1.0
positions	NNS	1.0
permuted	VBN	1.0
controlled	VBN	1.0
poor	JJ	1.0
rarity	NN	1.0
UMLS	NNP	1.0
Gene	NNP	1.0
Ontology	NNP	1.0
rise	NN	1.0
background	NN	1.0
ARCHILES	NN	1.0
acquiring	VBG	1.0
coarse-grained	JJ	1.0
construct	VB	0.3333333333333333
lightweight	JJ	1.0
formalisms\/languages	NNS	1.0
RDF	NNP	1.0
Jump	NN	1.0
navigation	NN	1.0
SBD	NN	1.0
challenging	JJ	1.0
denote	VB	1.0
decimal	JJ	1.0
point	NN	1.0
ellipsis	NN	1.0
email	NN	0.5
47	CD	1.0
exclamation	NN	1.0
quotations	NNS	1.0
emoticons	NNS	1.0
slang	NN	1.0
sentence-ending	JJ	1.0
b	NN	1.0
preceding	VBG	1.0
my	PRP$	1.0
hand-compiled	JJ	1.0
c	NN	1.0
breaks	NNS	1.0
pre-marked	JJ	1.0
Solutions	NNPS	1.0
SATZ	NNP	1.0
98.5	CD	1.0
analytics	NNS	1.0
attitude	NN	1.0
writer	NN	1.0
her	PRP$	0.5
appraisal	NN	1.0
affective	JJ	1.0
emotional	JJ	1.0
wishes	VBZ	1.0
angry	JJ	1.0
sad	JJ	1.0
happy	JJ	1.0
Pang	NNP	1.0
detecting	VBG	1.0
respectively	RB	1.0
multi-way	JJ	1.0
scale	NN	1.0
attempted	VBN	1.0
Snyder	NNP	1.0
expanded	VBN	1.0
predicting	VBG	1.0
star	NN	1.0
performed	VBD	0.1
restaurant	NN	1.0
food	NN	1.0
atmosphere	NN	1.0
five-star	JJ	1.0
scaling	NN	1.0
whereby	WRB	1.0
neutral	JJ	1.0
-5	CD	1.0
+5	CD	1.0
unstructured	JJ	1.0
relate	VBP	1.0
movement	NN	1.0
11	CD	1.0
subjectivity\/objectivity	NN	1.0
subjectivity	NN	1.0
depend	VB	0.3333333333333333
quoting	VBG	1.0
opinions	NNS	1.0
Su	NNP	1.0
annotating	VBG	1.0
fine-grained	JJ	1.0
feature\/aspect-based	JJ	1.0
sentiments	NNS	1.0
cell	NN	1.0
camera	NN	1.0
bank	NN	1.0
screen	NN	1.0
sub-problems	NNS	1.0
features\/aspects	NNS	1.0
feature\/aspect	NN	1.0
detailed	JJ	1.0
discussions	NNS	1.0
Liu	NNP	1.0
Handbook	NNP	1.0
chapter	NN	1.0
Subjectivity	NN	1.0
Computers	NNP	1.0
latent	JJ	1.0
support	NN	0.5
bag	NN	1.0
Semantic	NNP	0.3333333333333333
Orientation	NNP	1.0
Pointwise	NNP	1.0
Mutual	NNP	1.0
Peter	NNP	1.0
detect	VB	1.0
holder	NN	1.0
maintains	VBZ	1.0
affect	NN	0.3333333333333333
felt	VBN	1.0
mine	VB	1.0
opinionated	VBN	1.0
Grammatical	JJ	1.0
Open	VB	1.0
deploy	VBP	1.0
automate	VB	0.6666666666666666
internet	NN	1.0
blogs	NNS	1.0
principle	NN	1.0
agrees	VBZ	1.0
judgments	NNS	1.0
raters	NNS	1.0
agree	VBP	0.3333333333333333
Inter-rater	JJ	1.0
sound	VB	0.05
disagree	VB	0.3333333333333333
disagree	VBP	0.6666666666666666
correlation	NN	1.0
close	JJ	1.0
Internet	NNP	0.5
boards	NNS	1.0
market	NN	0.6666666666666666
strong	JJ	1.0
posts	NNS	1.0
2.0	CD	1.0
fueled	VBN	1.0
proliferation	NN	1.0
recommendations	NNS	1.0
turned	VBN	1.0
virtual	JJ	1.0
currency	NN	1.0
businesses	NNS	1.0
market	VB	0.3333333333333333
opportunities	NNS	1.0
manage	VBP	1.0
reputations	NNS	1.0
look	VBP	0.2
filtering	VBG	1.0
noise	NN	1.0
actioning	VBG	1.0
appropriately	RB	1.0
democratizing	VBG	1.0
publishing	NN	1.0
towards	IN	1.0
accomplished	VBN	1.0
universities	NNS	1.0
dynamics	NNS	1.0
e-communities	NNS	1.0
CyberEmotions	NNP	1.0
identified	VBD	0.2
emotions	NNS	1.0
driving	VBG	1.0
die	VB	1.0
fade	VB	1.0
MySpace	NNP	1.0
seem	VBP	0.5
grow	VB	1.0
limits	NNS	1.0
Facebook	NNP	1.0
cultural	JJ	1.0
nuances	NNS	1.0
turn	VB	0.16666666666666666
pro	NN	1.0
con	NN	1.0
shorter	JJR	1.0
becomes	VBZ	1.0
n	NN	1.0
Computer	NN	0.16666666666666666
Science	NN	0.5
ASR	NNP	1.0
STT	NNP	1.0
SR	NN	1.0
reads	VBZ	1.0
voice	NN	1.0
fine	RB	0.5
tune	VB	1.0
transcription	NN	1.0
Speaker	NNP	1.0
Independent	NNP	1.0
Dependent	NNP	1.0
dialing	NN	1.0
Call	NN	1.0
home	NN	1.0
call	VB	0.3333333333333333
I	PRP	1.0
collect	VB	1.0
domotic	JJ	1.0
appliance	NN	1.0
podcast	NN	1.0
entering	VBG	1.0
preparation	NN	1.0
radiology	NN	1.0
speech-to-text	JJ	0.5
processors	NNS	1.0
aircraft	NN	1.0
Direct	NNP	1.0
Voice	NNP	1.0
saying	VBG	1.0
Recognizing	VBG	1.0
simplify	VB	1.0
trained	VBN	0.6666666666666666
voices	NNS	1.0
authenticate	VB	1.0
verify	VB	1.0
security	NN	1.0
Front-End	JJ	1.0
provider	NN	1.0
dictates	VBZ	1.0
speech-recognition	JJ	1.0
displayed	VBN	0.5
dictator	NN	1.0
responsible	JJ	1.0
signing	VBG	1.0
Back-End	JJ	1.0
deferred	JJ	1.0
dictation	NN	1.0
routed	VBN	1.0
draft	NN	1.0
file	NN	1.0
editor	NN	1.0
edited	VBN	1.0
finalized	VBD	1.0
Deferred	JJ	1.0
Electronic	NNP	1.0
Records	NNP	1.0
EMR	NNP	0.3333333333333333
Searches	NNS	1.0
filling	NN	1.0
faster	JJR	1.0
keyboard	NN	1.0
relating	VBG	1.0
healthcare	NN	1.0
Recovery	NNP	1.0
Reinvestment	NNP	1.0
Act	NNP	1.0
ARRA	NN	1.0
provides	VBZ	1.0
physicians	NNS	1.0
utilize	VBP	0.5
EMR	NN	0.6666666666666666
Meaningful	JJ	1.0
maintained	VBN	1.0
Record	NNP	1.0
EHR	NNP	0.3333333333333333
Unfortunately	RB	1.0
EHR	NN	0.6666666666666666
narrative	JJ	1.0
expended	VBN	1.0
front-end	JJ	1.0
capturing	VBG	1.0
Military	JJ	1.0
High-performance	JJ	1.0
fighter	NN	1.0
Substantial	JJ	1.0
decade	NN	1.0
Of	IN	1.0
note	NN	1.0
Fighter	NNP	1.0
Technology	NNP	1.0
Integration	NNP	1.0
AFTI	NNP	1.0
F-16	NN	1.0
VISTA	NN	1.0
installing	VBG	1.0
Mirage	NNP	1.0
platforms	NNS	1.0
recognizers	NNS	1.0
operated	VBN	0.5
setting	VBG	0.6
radio	NN	1.0
commanding	VBG	1.0
autopilot	NN	1.0
steer-point	NN	1.0
coordinates	VBZ	1.0
weapons	NNS	1.0
controlling	VBG	1.0
displays	NNS	1.0
Working	VBG	1.0
Swedish	JJ	1.0
pilots	NNS	1.0
flying	VBG	1.0
JAS-39	NNP	1.0
Gripen	NNP	1.0
cockpit	NN	1.0
Englund	NNP	1.0
deteriorated	JJ	1.0
G-loads	NNS	1.0
concluded	VBN	0.5
adaptation	NN	1.0
introducing	VBG	1.0
breathing	NN	1.0
significantly	RB	1.0
effects	NNS	1.0
broken	JJ	0.2
spontaneous	JJ	1.0
caused	VBD	1.0
recognizer	NN	1.0
substantially	RB	1.0
Eurofighter	NNP	1.0
Typhoon	NNP	1.0
RAF	NN	1.0
speaker-dependent	JJ	1.0
pilot	NN	1.0
safety	NN	1.0
weapon	NN	1.0
lowering	NN	1.0
undercarriage	NN	1.0
confirmed	VBN	1.0
aural	JJ	1.0
reduction	NN	1.0
workload	NN	1.0
targets	NNS	1.0
wingmen	NN	1.0
independent	JJ	1.0
F35	NN	1.0
Lightning	NN	1.0
II	CD	0.5
JSF	NN	1.0
Alenia	NNP	1.0
Aermacchi	NNP	1.0
M-346	NNP	1.0
Master	NNP	1.0
lead-in	NN	1.0
trainer	NN	1.0
accuracies	NNS	1.0
excess	NN	1.0
Helicopters	NNPS	1.0
stress	NN	1.0
pertain	NN	1.0
helicopter	NN	1.0
jet	NN	1.0
acoustic	JJ	1.0
severe	JJ	1.0
wear	VB	1.0
facemask	NN	1.0
reduce	VB	1.0
microphone	NN	1.0
carried	VBN	0.5
past	JJ	0.6666666666666666
helicopters	NNS	1.0
Avionics	NNP	1.0
Development	NNP	1.0
Activity	NNP	1.0
AVRADA	NNP	1.0
Royal	NNP	1.0
Aerospace	NNP	1.0
Establishment	NN	1.0
RAE	NN	1.0
Puma	NNP	1.0
Results	NNS	1.0
encouraging	JJ	1.0
radios	NNS	1.0
handover	NN	1.0
overriding	VBG	1.0
Encouraging	VBG	1.0
represent	VBP	0.3333333333333333
feasibility	NN	1.0
Much	RB	0.3333333333333333
improvements	NNS	1.0
operational	JJ	1.0
settings	NNS	1.0
Battle	NN	0.5
book-new	NN	1.0
svg	IN	1.0
unreferenced	JJ	1.0
ensure	VB	1.0
verifiability	NN	1.0
Battle	NNP	0.5
Management	NNP	1.0
centres	NNS	1.0
rapid	JJ	1.0
changing	VBG	1.0
Commanders	NNS	1.0
operators	NNS	1.0
query	VB	0.3333333333333333
conveniently	RB	1.0
eyes-busy	JJ	1.0
display	NN	1.0
Human-machine	JJ	1.0
environments	NNS	1.0
commercially	RB	1.0
isolated-word	JJ	1.0
battle	NN	1.0
naval	JJ	1.0
Users	NNS	1.0
optimistic	JJ	1.0
sponsored	VBN	0.5
Defense	NNP	1.0
Projects	NNP	1.0
CSR	NN	0.6666666666666666
large-vocabulary	JJ	1.0
representative	JJ	1.0
Significant	JJ	1.0
advances	NNS	1.0
CSR	NNP	0.3333333333333333
integrating	VBG	1.0
Training	NN	0.5
air	NN	1.0
traffic	NN	1.0
controllers	NNS	1.0
Training	VBG	0.5
ATC	NN	1.0
excellent	JJ	1.0
act	VB	0.5
pseudo-pilot	NN	1.0
engaging	VBG	1.0
dialog	NN	1.0
trainee	NN	1.0
controller	NN	1.0
simulates	VBZ	1.0
conduct	VB	1.0
synthesis	NN	1.0
offer	VBP	1.0
reducing	VBG	1.0
personnel	NNS	1.0
Air	NN	0.3333333333333333
structured	VBN	0.3333333333333333
FAA	NNP	1.0
7110.65	CD	1.0
supported	VBN	1.0
500,000	CD	1.0
USAF	NNP	1.0
USMC	NNP	1.0
Navy	NNP	1.0
organizations	NNS	1.0
Australian	NNP	0.5
Civil	NNP	1.0
Aviation	NNP	1.0
Authorities	NNP	1.0
Brazil	NNP	1.0
simulators	NNS	1.0
Telephony	NNP	1.0
telephony	NN	1.0
commonplace	JJ	1.0
gaming	NN	1.0
becoming	VBG	1.0
widespread	JJ	1.0
Despite	IN	1.0
integration	NN	1.0
computing	NN	1.0
mobile	JJ	1.0
processor	NN	1.0
speeds	NNS	1.0
feasible	JJ	1.0
speech-enabled	JJ	1.0
Symbian	NNP	1.0
Windows	NNP	1.0
Smartphones	NNPS	1.0
Interface	NNP	1.0
custom	NN	1.0
Leading	VBG	1.0
Microsoft	NNP	1.0
Command	NN	1.0
Digital	NNP	1.0
Syphon	NNP	1.0
Sonic	NNP	1.0
Extractor	NNP	1.0
Communications	NNP	0.5
Control	NNP	1.0
Center	NNP	1.0
Vito	NNP	1.0
VITO	NNP	1.0
Voice2Go	NN	1.0
Speereo	NNP	1.0
Translator	NNP	1.0
Verbyx	NNP	1.0
VRX	NNP	1.0
SVOX	NNP	1.0
exploration	NN	1.0
spacecraft	NN	1.0
NASA	NNP	1.0
Mars	NNP	1.0
Polar	NNP	1.0
Lander	NNP	1.0
Sensory	NNP	1.0
Microphone	NNP	1.0
Automotive	NNP	1.0
OnStar	NNP	1.0
Ford	NNP	1.0
Sync	NNP	1.0
Court	NNP	1.0
reporting	NN	0.6666666666666666
Realtime	NN	1.0
Writing	VBG	1.0
Hands-free	JJ	1.0
Home	NN	1.0
automation	NN	1.0
email	JJ	0.5
Multimodal	JJ	1.0
Pronunciation	NN	1.0
Robotics	NNP	1.0
Speech-to-text	JJ	1.0
reporter	NN	1.0
captioning	NN	1.0
Telematics	NNS	1.0
vehicle	NN	1.0
Navigation	NNP	1.0
Transcription	NN	1.0
speech-to-text	NN	0.5
Video	NNP	1.0
games	NNS	1.0
Tom	NNP	1.0
Clancy	NNP	1.0
EndWar	NNP	1.0
Lifeline	NNP	1.0
Performance	NNP	1.0
rated	VBN	1.0
WER	NN	1.0
Single	JJ	1.0
Error	NN	0.5
Rate	NN	1.0
SWER	NN	1.0
Success	NN	1.0
Vocalizations	NNS	1.0
accent	NN	1.0
pronunciation	NN	1.0
articulation	NN	1.0
roughness	NN	1.0
nasality	NN	1.0
pitch	NN	1.0
distorted	VBN	0.5
echoes	NNS	1.0
electrical	JJ	1.0
Vocabulary	NN	1.0
confusability	NN	1.0
dependence	NN	1.0
independence	NN	1.0
Isolated	VBN	0.5
discontinuous	JJ	1.0
constraints	NNS	1.0
Read	VBP	0.5
Adverse	JJ	1.0
recogniton	NN	1.0
Error	NNP	0.5
Rates	NNP	1.0
Increase	NN	1.0
Size	NN	1.0
Grows	VBZ	1.0
digits	NNS	1.0
zero	NN	1.0
nine	CD	1.0
perfectly	RB	1.0
5000	CD	1.0
100000	CD	1.0
45	CD	1.0
Hard	NNP	0.5
Recognize	VB	1.0
Contains	VBZ	1.0
Confusable	JJ	1.0
26	CD	1.0
confusable	JJ	1.0
notoriously	RB	1.0
E-set	NN	1.0
B	NN	1.0
C	NN	1.0
D	NN	1.0
E	NN	1.0
G	NN	1.0
V	NN	1.0
Z	NN	1.0
8	CD	1.0
Dependence	NN	1.0
Independence	NN	1.0
Isolated	JJ	0.5
Discontinuous	JJ	1.0
Continuous	JJ	1.0
full	RB	0.2
sentenced	VBD	1.0
silence	NN	1.0
isloated	JJ	1.0
Constraints	NNPS	0.3333333333333333
e.g.	NNP	0.05357142857142857
Querying	NNP	1.0
dismiss	VB	1.0
hypothesis	NN	1.0
apple	NN	1.0
red	JJ	1.0
Constraints	NNS	0.6666666666666666
Syntactic	NNP	1.0
Red	NNP	1.0
Read	VB	0.5
Spontaneous	FW	1.0
Speech	FW	0.03225806451612903
prepared	VBN	1.0
disfluences	NNS	1.0
uh	UH	1.0
um	FW	1.0
starts	NNS	0.5
incomplete	JJ	1.0
stutering	NN	1.0
coughing	VBG	1.0
laughter	NN	1.0
Environmental	NNP	1.0
Noise	NNP	1.0
car	NN	1.0
factory	NN	1.0
Acoustical	JJ	1.0
distortions	NNS	1.0
room	NN	1.0
acoustics	NNS	1.0
multileveled	JJ	1.0
signals	NNS	1.0
hierarchy	NN	1.0
Phonemes	NNP	1.0
Words	NNP	0.25
Phrases	NNP	1.0
Sentences	NNS	1.0
Known	VBN	1.0
pronunciations	NNS	1.0
compensate	VB	1.0
uncertainties	NNS	1.0
exploited	VBN	1.0
probabilistically	RB	1.0
broken	VBN	0.8
phases	NNS	1.0
Computationally	RB	1.0
sound	NN	0.65
classified	VBN	1.0
Every	DT	1.0
sub-signals	NNS	1.0
sub-sounds	NNS	1.0
lower	VB	0.2
lowest	JJS	1.0
upper	JJ	1.0
figure	VB	0.5
expand	VB	1.0
Digitize	VB	1.0
telephone	NN	1.0
sampling	NN	1.0
8000	CD	1.0
Compute	VB	1.0
spectral-domain	NN	1.0
Fourier	NN	1.0
transform	VBP	0.4
Computed	VBN	1.0
10msec	NN	1.0
frame	NN	1.0
explained	VBN	1.0
Sound	NNP	0.6666666666666666
vibration	NN	1.0
register	VBP	1.0
ears	NNS	1.0
receivers	NNS	1.0
Basic	JJ	1.0
creates	VBZ	1.0
wave	NN	1.0
descriptions	NNS	1.0
Amplitude	NNP	1.0
vibrates	VBZ	1.0
second	NN	0.1
Digitized	NNP	1.0
Graph	NNP	1.0
This	NNP	0.015873015873015872
water	NN	1.0
Big	JJ	1.0
weaker	JJR	1.0
distorted	JJ	0.5
travel	VB	1.0
waves	NNS	1.0
digitalized	VBN	1.0
Sample	VB	1.0
intervals	NNS	1.0
bunch	NN	1.0
step	VB	0.06666666666666667
Collection	NN	1.0
Sound	JJ	0.3333333333333333
complicated	VBN	0.3333333333333333
superimpose	VBP	1.0
top	NN	0.2
odd	JJ	1.0
interact	VBP	1.0
add	VB	1.0
Neural	NNP	0.25
Network	NNP	1.0
classifies	VBZ	1.0
phonetic-based	JJ	1.0
digitized	VBD	1.0
block	NN	1.0
Transform	NN	1.0
statistically	RB	1.0
belongs	VBZ	1.0
nodes	NNS	1.0
figure	NN	0.5
slide	NN	1.0
layer	NN	1.0
programer	NN	1.0
instructions	NNS	1.0
again	RB	1.0
belong	VBP	1.0
Last	JJ	1.0
tell	VBP	0.3333333333333333
really	RB	1.0
neural-network	JJ	1.0
uttered	VBN	1.0
fancy	JJ	1.0
Artificial	JJ	0.5
specialized	VBN	0.5
unlike	IN	1.0
brain	NN	1.0
fundamentally	RB	1.0
committed	VBN	1.0
perception	NN	1.0
hear	VBP	0.5
experience	NN	1.0
brought	VBN	1.0
listening	VBG	1.0
Brain	NN	1.0
listens	VBZ	1.0
steered	VBN	1.0
toward	IN	1.0
Dragon	NNP	1.0
Systems	NNPS	0.08333333333333333
released	VBD	1.0
1985	CD	1.0
reached	VBD	0.5
20,000	CD	1.0
realm	NN	1.0
range	VBP	0.14285714285714285
10,000	CD	1.0
150,000	CD	1.0
1993	CD	1.0
crossed	VBD	1.0
Naturally	RB	1.0
Speaking	VBG	1.0
recognized	VBD	0.16666666666666666
normal	JJ	1.0
Progress	NNP	1.0
trillion-word	JJ	1.0
Carnegie	NNP	1.0
Mellon	NNP	1.0
Both	CC	0.3333333333333333
statistically-based	JJ	1.0
smart	JJ	1.0
general-purpose	JJ	1.0
quantities	NNS	1.0
piecewise	JJ	1.0
short-time	JJ	1.0
time-scales	NNS	1.0
milliseconds	NNS	1.0
approximated	VBN	1.0
n-dimensional	JJ	1.0
integer	NN	1.0
consist	VB	1.0
cepstral	JJ	1.0
coefficients	NNS	1.0
transform	VB	0.6
decorrelating	VBG	1.0
spectrum	NN	1.0
tend	VB	0.5
mixture	NN	1.0
diagonal	JJ	1.0
covariance	NN	1.0
Gaussians	NNP	1.0
likelihood	NN	1.0
observed	VBN	1.0
phoneme	NN	1.0
phonemes	NNS	1.0
concatenating	VBG	1.0
trained	JJ	0.3333333333333333
Described	VBN	1.0
combinations	NNS	1.0
realizations	NNS	1.0
HMM	NN	0.6666666666666666
normalize	VB	1.0
recording	NN	1.0
vocal	JJ	1.0
tract	NN	1.0
VTLN	NN	1.0
male-female	JJ	1.0
regression	NN	1.0
MLLR	NN	1.0
delta	NN	1.0
delta-delta	NN	1.0
capture	VB	0.5
heteroscedastic	JJ	1.0
discriminant	JJ	1.0
HLDA	NN	1.0
skip	VB	1.0
splicing	NN	1.0
LDA-based	JJ	1.0
projection	NN	1.0
followed	VBD	0.25
semitied	JJ	1.0
maximum	JJ	0.3333333333333333
linear	NN	0.14285714285714285
MLLT	NN	1.0
discriminative	JJ	1.0
dispense	VBP	1.0
purely	RB	1.0
parameter	NN	1.0
estimation	NN	1.0
optimize	VB	1.0
classification-related	JJ	1.0
mutual	JJ	1.0
MMI	NNP	1.0
minimum	JJ	1.0
MCE	NN	1.0
MPE	NN	1.0
Decoding	NN	0.5
happens	VBZ	1.0
compute	VB	0.5
hidden	VBN	0.125
statically	RB	1.0
beforehand	RB	1.0
transducer	NN	1.0
FST	NN	1.0
decoding	NN	1.0
rescoring	NN	1.0
pick	VB	1.0
one	NN	0.015384615384615385
refined	JJ	1.0
kept	VBN	1.0
N-best	NN	1.0
lattice	NN	1.0
Rescoring	NNP	1.0
minimize	VB	1.0
thereof	RB	1.0
maximal	JJ	1.0
minimizes	VBZ	1.0
expectancy	NN	1.0
loss	NN	1.0
regards	VBZ	1.0
transcriptions	NNS	1.0
estimated	VBN	1.0
Levenshtein	NNP	1.0
distances	NNS	1.0
pruned	VBN	1.0
maintain	VB	1.0
tractability	NN	1.0
Efficient	JJ	1.0
rescore	VB	1.0
lattices	NNS	1.0
weighted	JJ	0.3333333333333333
transducers	NNS	1.0
edit	NN	1.0
represented	VBD	0.16666666666666666
verifying	VBG	1.0
warping	NN	0.75
DTW	NN	0.6666666666666666
warping	VBG	0.25
historically	RB	1.0
displaced	VBN	1.0
measuring	VBG	1.0
walking	NN	0.3333333333333333
detected	VBN	0.5
walking	VBG	0.6666666666666666
slowly	RB	1.0
she	PRP	1.0
quickly	RB	1.0
accelerations	NNS	1.0
decelerations	NNS	1.0
observation	NN	1.0
DTW	NNP	0.3333333333333333
graphics	NNS	1.0
well-known	JJ	1.0
cope	VB	1.0
optimal	JJ	1.0
match	NN	0.16666666666666666
restrictions	NNS	1.0
warped	JJ	1.0
non-linearly	JJ	1.0
alignment	NN	1.0
Neural	JJ	0.75
emerged	VBD	1.0
allow	VBP	0.2
Few	JJ	1.0
spite	NN	1.0
phones	NNS	1.0
lack	NN	1.0
pre-processing	FW	1.0
transformation	NN	1.0
dimensionality	NN	1.0
HMM	NNP	0.3333333333333333
Popular	NNP	1.0
conferences	NNS	1.0
held	VBD	1.0
SpeechTEK	NN	1.0
Europe	NN	0.2
ICASSP	NN	1.0
Eurospeech\/ICSLP	NN	1.0
Interspeech	NNP	1.0
IEEE	NNP	0.6666666666666666
ASRU	NNP	1.0
NAACL	NN	1.0
EMNLP	NN	1.0
HLT	NNP	1.0
Important	JJ	1.0
Transactions	NNS	1.0
Audio	NNP	1.0
Processing	NNP	0.75
IEEE	NN	0.3333333333333333
Communication	NNP	1.0
Books	NNS	1.0
Fundamentals	NNS	1.0
Lawrence	NNP	1.0
Rabiner	NNP	1.0
acquire	VB	1.0
Dec.	NNP	1.0
Homayoon	NNP	1.0
Beigi	NNP	1.0
title	NN	1.0
concentrates	VBZ	1.0
Frederick	NNP	1.0
Spoken	NNP	1.0
Xuedong	NNP	1.0
Huang	NNP	1.0
up	RB	0.09090909090909091
Manfred	NNP	1.0
Schroeder	NNP	1.0
edition	NN	1.0
updated	VBN	1.0
Processing	NN	0.25
2008	CD	1.0
Jurafsky	NNP	1.0
presents	VBZ	1.0
basics	NNS	1.0
insight	NN	1.0
gained	VBN	0.5
paying	VBG	1.0
sponsored	VBD	0.5
organised	VBN	1.0
largest	JJS	1.0
recognition-related	JJ	1.0
GALE	NNP	1.0
freely	RB	1.0
SPHINX	NNP	1.0
toolkit	NN	1.0
experimenting	VBG	1.0
beer	NN	1.0
HTK	NN	1.0
accompanying	VBG	1.0
AT&T	NNP	1.0
libraries	NNS	1.0
GRM	NNP	1.0
library	NN	1.0
DCD	NNP	1.0
robustness	NN	1.0
Junqua	NNP	1.0
Haton	NNP	1.0
1995	CD	1.0
People	NNS	1.0
disabilities	NNS	1.0
individuals	NNS	1.0
Deaf	JJ	1.0
Hard	JJ	0.5
Hearing	NN	1.0
closed-captioning	NN	1.0
rooms	NNS	1.0
classroom	NN	1.0
lectures	VBZ	1.0
religious	JJ	1.0
hands	NNS	1.0
mild	JJ	1.0
injuries	NNS	1.0
preclude	VBP	1.0
conventional	JJ	1.0
RSI	NNP	1.0
urgent	JJ	1.0
deaf	JJ	1.0
voicemail	NN	1.0
relay	NN	1.0
captioned	VBD	1.0
Individuals	NNS	1.0
thought-to-paper	JJ	1.0
incorrectly	RB	1.0
causing	VBG	1.0
differently	RB	1.0
icon	NN	1.0
Measuring	VBG	1.0
controversial	JJ	1.0
Sometimes	RB	1.0
backward	RB	1.0
undertake	VBP	1.0
slow	JJ	1.0
plateaued	VBN	1.0
dried	VBN	1.0
shifted	VBN	1.0
priorities	NNS	1.0
perceptions	NNS	1.0
Pierce	NNP	1.0
cause	VB	0.5
dry	VB	1.0
feeling	NN	1.0
continued	VBN	0.2222222222222222
uninterrupted	JJ	1.0
steadily	RB	1.0
thirty	CD	1.0
accumulation	NN	1.0
incremental	JJ	1.0
change	VB	1.0
progress	VB	0.14285714285714285
availability	NN	1.0
shifting	VBG	1.0
EARS	NNS	1.0
undertook	VBD	1.0
Mandarin	NNP	1.0
Arabic	NNP	0.25
solely	RB	1.0
required	JJ	0.14285714285714285
academic	JJ	1.0
continue	VBP	1.0
condition	NN	1.0
causes	VBZ	1.0
degradation	NN	1.0
transcribe	VBP	1.0
utilize	VB	0.5
unlabeled	JJ	1.0
syllables	NNS	1.0
subproblem	NN	1.0
adequately	RB	1.0
categorical	NN	1.0
survey	NN	1.0
indicate	VBP	0.3333333333333333
divider	NN	1.0
compounded	VBN	1.0
co-articulation	NN	1.0
modified	VBN	1.0
blend	VB	0.6666666666666666
smoothly	RB	1.0
fuse	NN	1.0
split	NN	0.25
disappear	VB	1.0
happen	VB	1.0
vowels	NNS	1.0
consonants	NNS	1.0
relic	NN	1.0
alphabetic	JJ	1.0
heritage	NN	1.0
surrounding	JJ	0.4
say	VBP	0.2857142857142857
kit	NN	1.0
k	NN	1.0
farther	RBR	1.0
forward	RB	1.0
caught	VBN	1.0
vowel	NN	1.0
kick	NN	1.0
phonetically	RB	1.0
normally	RB	1.0
hear	VB	0.5
language-specific	JJ	1.0
changes	NNS	1.0
casual	JJ	1.0
spelling	NN	1.0
hit	VB	1.0
spelled	VBN	1.0
hitcha	NN	1.0
phonetic	JJ	1.0
distant	JJ	1.0
specialized	JJ	0.5
align	NN	1.0
lip-synch	JJ	1.0
timing	NN	1.0
cartoon	NN	1.0
animation	NN	1.0
follow-the-bouncing-ball	JJ	1.0
sub-titling	NN	1.0
heard	VBN	1.0
understood	VBN	1.0
decomposing	VBG	1.0
associating	VBG	1.0
decomposition	NN	1.0
element	NN	1.0
elementary	JJ	1.0
lookup	NN	1.0
inter-word	JJ	1.0
deliberately	RB	1.0
inserts	NNS	1.0
finds	VBZ	1.0
said	VBD	1.0
quoted	VBN	1.0
wreck	VB	1.0
beach	NN	1.0
sounds	VBZ	0.06666666666666667
shows	VBZ	1.0
draws	VBZ	1.0
interference	NN	1.0
dividing	VBG	1.0
non-trivial	JJ	1.0
medial	JJ	1.0
Compare	VB	1.0
linguistically	RB	1.0
portions	NNS	1.0
delimiter	NN	1.0
ca	MD	1.0
equivalent	NN	0.2
delimited	VBN	1.0
Lao	NNP	1.0
Vietnamese	NNP	1.0
Ge'ez	NN	1.0
Amharic	NNP	1.0
Tigrinya	NNP	1.0
non-whitespace	JJ	1.0
Unicode	NNP	1.0
Consortium	NNP	1.0
Annex	NNP	1.0
Segmentation	NNP	1.0
exploring	VBG	1.0
multiscript	JJ	1.0
splitting	NN	1.0
concatenated	VBN	1.0
separators	NNS	1.0
infer	VB	1.0
exist	VBP	1.0
hyphenation	NN	1.0
stop	NN	1.0
terminate	VB	1.0
Mr.	NNP	1.0
Smith	NNP	1.0
shops	NNS	1.0
Jones	NNP	1.0
plain	JJ	1.0
prevent	VB	1.0
approximating	VBG	1.0
Processes	NNS	1.0
besides	IN	1.0
discover	VB	1.0
accordingly	RB	1.0
apparent	JJ	1.0
implementing	VBG	1.0
decision-making	NN	1.0
dictionaries	NNS	1.0
Effective	JJ	1.0
operate	VBP	1.0
estate	NN	1.0
starts	VBZ	0.5
collecting	VBG	1.0
Annotate	VBP	1.0
Learning	NNP	1.0
markup	NN	1.0
HTML	NNP	1.0
formats	NNS	1.0
PDF	NN	1.0
